Status,Abditibacteriota|Abditibacteria|Abditibacteriales|Abditibacteriaceae|Abditibacterium,Actinobacteriota|Acidimicrobiia|null|null|null,Actinobacteriota|Actinobacteria|Actinomycetales|Actinomycetaceae|Actinomyces,Actinobacteriota|Actinobacteria|Actinomycetales|Actinomycetaceae|F0332,Actinobacteriota|Actinobacteria|Actinomycetales|Actinomycetaceae|Varibaculum,Actinobacteriota|Actinobacteria|Bifidobacteriales|Bifidobacteriaceae|Bifidobacterium,Actinobacteriota|Actinobacteria|Corynebacteriales|Corynebacteriaceae|Corynebacterium,Actinobacteriota|Actinobacteria|Corynebacteriales|Corynebacteriaceae|Lawsonella,Actinobacteriota|Actinobacteria|Corynebacteriales|Corynebacteriaceae|null,Actinobacteriota|Actinobacteria|Corynebacteriales|Dietziaceae|Dietzia,Actinobacteriota|Actinobacteria|Corynebacteriales|Mycobacteriaceae|Mycobacterium,Actinobacteriota|Actinobacteria|Corynebacteriales|Nocardiaceae|Gordonia,Actinobacteriota|Actinobacteria|Corynebacteriales|Nocardiaceae|Williamsia,Actinobacteriota|Actinobacteria|Frankiales|Geodermatophilaceae|Blastococcus,Actinobacteriota|Actinobacteria|Frankiales|Geodermatophilaceae|Geodermatophilus,Actinobacteriota|Actinobacteria|Frankiales|Geodermatophilaceae|Modestobacter,Actinobacteriota|Actinobacteria|Frankiales|Geodermatophilaceae|null,Actinobacteriota|Actinobacteria|Frankiales|null|null,Actinobacteriota|Actinobacteria|Kineosporiales|Kineosporiaceae|Kineococcus,Actinobacteriota|Actinobacteria|Kineosporiales|Kineosporiaceae|Quadrisphaera,Actinobacteriota|Actinobacteria|Micrococcales|Bogoriellaceae|Georgenia,Actinobacteriota|Actinobacteria|Micrococcales|Brevibacteriaceae|Brevibacterium,Actinobacteriota|Actinobacteria|Micrococcales|Cellulomonadaceae|Actinotalea,Actinobacteriota|Actinobacteria|Micrococcales|Cellulomonadaceae|Cellulomonas,Actinobacteriota|Actinobacteria|Micrococcales|Demequinaceae|Lysinimicrobium,Actinobacteriota|Actinobacteria|Micrococcales|Intrasporangiaceae|Intrasporangium,Actinobacteriota|Actinobacteria|Micrococcales|Intrasporangiaceae|Janibacter,Actinobacteriota|Actinobacteria|Micrococcales|Intrasporangiaceae|Knoellia,Actinobacteriota|Actinobacteria|Micrococcales|Intrasporangiaceae|null,Actinobacteriota|Actinobacteria|Micrococcales|Intrasporangiaceae|Serinicoccus,Actinobacteriota|Actinobacteria|Micrococcales|Microbacteriaceae|Agrococcus,Actinobacteriota|Actinobacteria|Micrococcales|Microbacteriaceae|Agromyces,Actinobacteriota|Actinobacteria|Micrococcales|Microbacteriaceae|Amnibacterium,Actinobacteriota|Actinobacteria|Micrococcales|Microbacteriaceae|Curtobacterium,Actinobacteriota|Actinobacteria|Micrococcales|Microbacteriaceae|Gulosibacter,Actinobacteriota|Actinobacteria|Micrococcales|Microbacteriaceae|Microbacterium,Actinobacteriota|Actinobacteria|Micrococcales|Microbacteriaceae|null,Actinobacteriota|Actinobacteria|Micrococcales|Microbacteriaceae|Pseudoclavibacter,Actinobacteriota|Actinobacteria|Micrococcales|Micrococcaceae|Arthrobacter,Actinobacteriota|Actinobacteria|Micrococcales|Micrococcaceae|Glutamicibacter,Actinobacteriota|Actinobacteria|Micrococcales|Micrococcaceae|Kocuria,Actinobacteriota|Actinobacteria|Micrococcales|Micrococcaceae|Micrococcus,Actinobacteriota|Actinobacteria|Micrococcales|Micrococcaceae|Nesterenkonia,Actinobacteriota|Actinobacteria|Micrococcales|Micrococcaceae|null,Actinobacteriota|Actinobacteria|Micrococcales|Micrococcaceae|Paeniglutamicibacter,Actinobacteriota|Actinobacteria|Micrococcales|Micrococcaceae|Pseudarthrobacter,Actinobacteriota|Actinobacteria|Micrococcales|Micrococcaceae|Pseudoglutamicibacter,Actinobacteriota|Actinobacteria|Micrococcales|Micrococcaceae|Rothia,Actinobacteriota|Actinobacteria|Micrococcales|null|null,Actinobacteriota|Actinobacteria|Micrococcales|Promicromonosporaceae|null,Actinobacteriota|Actinobacteria|Micrococcales|Sanguibacteraceae|Sanguibacter,Actinobacteriota|Actinobacteria|Micromonosporales|Micromonosporaceae|Micromonospora,Actinobacteriota|Actinobacteria|Micromonosporales|Micromonosporaceae|null,Actinobacteriota|Actinobacteria|null|null|null,Actinobacteriota|Actinobacteria|Propionibacteriales|Nocardioidaceae|Aeromicrobium,Actinobacteriota|Actinobacteria|Propionibacteriales|Nocardioidaceae|Nocardioides,Actinobacteriota|Actinobacteria|Propionibacteriales|Propionibacteriaceae|Cutibacterium,Actinobacteriota|Actinobacteria|Propionibacteriales|Propionibacteriaceae|Friedmanniella,Actinobacteriota|Actinobacteria|Propionibacteriales|Propionibacteriaceae|null,Actinobacteriota|Actinobacteria|Propionibacteriales|Propionibacteriaceae|Propionibacterium,Actinobacteriota|Actinobacteria|Propionibacteriales|Propionibacteriaceae|Propioniciclava,Actinobacteriota|Actinobacteria|Propionibacteriales|Propionibacteriaceae|Pseudopropionibacterium,Actinobacteriota|Actinobacteria|Propionibacteriales|Propionibacteriaceae|Tessaracoccus,Actinobacteriota|Actinobacteria|Pseudonocardiales|Pseudonocardiaceae|Actinomycetospora,Actinobacteriota|Actinobacteria|Pseudonocardiales|Pseudonocardiaceae|Pseudonocardia,Actinobacteriota|Actinobacteria|Pseudonocardiales|Pseudonocardiaceae|Saccharopolyspora,Actinobacteriota|Actinobacteria|Streptomycetales|Streptomycetaceae|Streptomyces,Actinobacteriota|Coriobacteriia|Coriobacteriales|Atopobiaceae|Atopobium,Actinobacteriota|Rubrobacteria|Rubrobacterales|Rubrobacteriaceae|Rubrobacter,Actinobacteriota|Thermoleophilia|Gaiellales|Gaiellaceae|Gaiella,Actinobacteriota|Thermoleophilia|Gaiellales|null|null,Actinobacteriota|Thermoleophilia|Solirubrobacterales|Solirubrobacteraceae|Solirubrobacter,Bacteroidota|Bacteroidia|Bacteroidales|Bacteroidaceae|Bacteroides,Bacteroidota|Bacteroidia|Bacteroidales|Dysgonomonadaceae|Proteiniphilum,Bacteroidota|Bacteroidia|Bacteroidales|Porphyromonadaceae|Porphyromonas,Bacteroidota|Bacteroidia|Bacteroidales|Prevotellaceae|Alloprevotella,Bacteroidota|Bacteroidia|Bacteroidales|Prevotellaceae|Prevotella,Bacteroidota|Bacteroidia|Bacteroidetes VC2.1 Bac22|null|null,Bacteroidota|Bacteroidia|Chitinophagales|Chitinophagaceae|Cnuella,Bacteroidota|Bacteroidia|Chitinophagales|Chitinophagaceae|Flavihumibacter,Bacteroidota|Bacteroidia|Chitinophagales|Chitinophagaceae|Terrimonas,Bacteroidota|Bacteroidia|Cytophagales|Hymenobacteraceae|Hymenobacter,Bacteroidota|Bacteroidia|Cytophagales|Spirosomaceae|Dyadobacter,Bacteroidota|Bacteroidia|Cytophagales|Spirosomaceae|Fibrisoma,Bacteroidota|Bacteroidia|Cytophagales|Spirosomaceae|Spirosoma,Bacteroidota|Bacteroidia|Flavobacteriales|Crocinitomicaceae|Brumimicrobium,Bacteroidota|Bacteroidia|Flavobacteriales|Flavobacteriaceae|Capnocytophaga,Bacteroidota|Bacteroidia|Flavobacteriales|Flavobacteriaceae|Flavobacterium,Bacteroidota|Bacteroidia|Flavobacteriales|Weeksellaceae|Algoriella,Bacteroidota|Bacteroidia|Flavobacteriales|Weeksellaceae|Bergeyella,Bacteroidota|Bacteroidia|Flavobacteriales|Weeksellaceae|Chryseobacterium,Bacteroidota|Bacteroidia|Flavobacteriales|Weeksellaceae|Cloacibacterium,Bacteroidota|Bacteroidia|Flavobacteriales|Weeksellaceae|Empedobacter,Bacteroidota|Bacteroidia|null|null|null,Bacteroidota|Bacteroidia|Sphingobacteriales|env.OPS 17|null,Bacteroidota|Bacteroidia|Sphingobacteriales|null|null,Bacteroidota|Bacteroidia|Sphingobacteriales|Sphingobacteriaceae|Mucilaginibacter,Bacteroidota|Bacteroidia|Sphingobacteriales|Sphingobacteriaceae|Nubsella,Bacteroidota|Bacteroidia|Sphingobacteriales|Sphingobacteriaceae|Pedobacter,Bacteroidota|Bacteroidia|Sphingobacteriales|Sphingobacteriaceae|Sphingobacterium,Bdellovibrionota|Oligoflexia|0319-6G20|null|null,Bdellovibrionota|Oligoflexia|Oligoflexales|Oligoflexus|null,Campilobacterota|Campylobacteria|Campylobacterales|Campylobacteraceae|Campylobacter,Chloroflexi|Anaerolineae|Anaerolineales|Anaerolineaceae|Anaerolinea,Chloroflexi|Chloroflexia|Kallotenuales|AKIW781|null,Chloroflexi|Chloroflexia|Kallotenuales|null|null,Chloroflexi|Chloroflexia|Thermomicrobiales|JG30-KF-CM45|null,Chloroflexi|KD4-96|null|null|null,Cloacimonadota|Cloacimonadia|Cloacimonadales|Cloacimonadaceae|W5,Cyanobacteria|Cyanobacteriia|Chloroplast|null|null,Cyanobacteria|Cyanobacteriia|Cyanobacteriales|Chroococcidiopsaceae|Aliterella,Cyanobacteria|Cyanobacteriia|Cyanobacteriales|Chroococcidiopsaceae|Chroococcidiopsis SAG 2023,Cyanobacteria|Cyanobacteriia|Cyanobacteriales|Chroococcidiopsaceae|null,Cyanobacteria|Cyanobacteriia|Cyanobacteriales|Coleofasciculaceae|Symplocastrum CPER-KK1,Cyanobacteria|Cyanobacteriia|Cyanobacteriales|Nostocaceae|Mastigocladopsis PCC-10914,Cyanobacteria|Cyanobacteriia|Cyanobacteriales|Nostocaceae|null,Cyanobacteria|Cyanobacteriia|Leptolyngbyales|Leptolyngbyaceae|Leptolyngbya PCC-6306,Cyanobacteria|Cyanobacteriia|null|null|null,Cyanobacteria|Vampirivibrionia|Obscuribacterales|Obscuribacteraceae|null,Deinococcota|Deinococci|Deinococcales|Deinococcaceae|Deinococcus,Deinococcota|Deinococci|Deinococcales|Trueperaceae|Truepera,Deinococcota|Deinococci|Thermales|Thermaceae|Meiothermus,Deinococcota|Deinococci|Thermales|Thermaceae|Thermus,Desulfobacterota|Desulfovibrionia|Desulfovibrionales|Desulfovibrionaceae|Desulfovibrio,Discoba|Discicristata|Euglenozoa|Euglenida|Aphagea,Discoba|Discicristata|Euglenozoa|Kinetoplastea|Metakinetoplastina,Discoba|Discicristata|Euglenozoa|Kinetoplastea|null,Discoba|Discicristata|Euglenozoa|null|null,Discoba|Discicristata|null|null|null,Firmicutes|Bacilli|Alicyclobacillales|Alicyclobacillaceae|Effusibacillus,Firmicutes|Bacilli|Bacillales|Bacillaceae|Anaerobacillus,Firmicutes|Bacilli|Bacillales|Bacillaceae|Anoxybacillus,Firmicutes|Bacilli|Bacillales|Bacillaceae|Aquibacillus,Firmicutes|Bacilli|Bacillales|Bacillaceae|Bacillus,Firmicutes|Bacilli|Bacillales|Bacillaceae|null,Firmicutes|Bacilli|Bacillales|Bacillaceae|Paucisalibacillus,Firmicutes|Bacilli|Bacillales|Bacillaceae|Virgibacillus,Firmicutes|Bacilli|Bacillales|Planococcaceae|Caryophanon,Firmicutes|Bacilli|Bacillales|Planococcaceae|Domibacillus,Firmicutes|Bacilli|Bacillales|Planococcaceae|Kurthia,Firmicutes|Bacilli|Bacillales|Planococcaceae|Lysinibacillus,Firmicutes|Bacilli|Bacillales|Planococcaceae|Planomicrobium,Firmicutes|Bacilli|Bacillales|Planococcaceae|Solibacillus,Firmicutes|Bacilli|Bacillales|Sporolactobacillaceae|null,Firmicutes|Bacilli|Erysipelotrichales|Erysipelatoclostridiaceae|Catenibacterium,Firmicutes|Bacilli|Erysipelotrichales|Erysipelotrichaceae|Holdemanella,Firmicutes|Bacilli|Lactobacillales|Aerococcaceae|Abiotrophia,Firmicutes|Bacilli|Lactobacillales|Aerococcaceae|Aerococcus,Firmicutes|Bacilli|Lactobacillales|Aerococcaceae|Facklamia,Firmicutes|Bacilli|Lactobacillales|Aerococcaceae|Globicatella,Firmicutes|Bacilli|Lactobacillales|Carnobacteriaceae|Carnobacterium,Firmicutes|Bacilli|Lactobacillales|Carnobacteriaceae|Dolosigranulum,Firmicutes|Bacilli|Lactobacillales|Carnobacteriaceae|Granulicatella,Firmicutes|Bacilli|Lactobacillales|Carnobacteriaceae|Trichococcus,Firmicutes|Bacilli|Lactobacillales|Enterococcaceae|Enterococcus,Firmicutes|Bacilli|Lactobacillales|Lactobacillaceae|Lactobacillus,Firmicutes|Bacilli|Lactobacillales|Leuconostocaceae|Leuconostoc,Firmicutes|Bacilli|Lactobacillales|Listeriaceae|Brochothrix,Firmicutes|Bacilli|Lactobacillales|Listeriaceae|Listeria,Firmicutes|Bacilli|Lactobacillales|null|null,Firmicutes|Bacilli|Lactobacillales|P5D1-392|null,Firmicutes|Bacilli|Lactobacillales|Streptococcaceae|Lactococcus,Firmicutes|Bacilli|Lactobacillales|Streptococcaceae|Streptococcus,Firmicutes|Bacilli|null|null|null,Firmicutes|Bacilli|Paenibacillales|Paenibacillaceae|null,Firmicutes|Bacilli|Paenibacillales|Paenibacillaceae|Paenibacillus,Firmicutes|Bacilli|Staphylococcales|Gemellaceae|Gemella,Firmicutes|Bacilli|Staphylococcales|Staphylococcaceae|Jeotgalicoccus,Firmicutes|Bacilli|Staphylococcales|Staphylococcaceae|Staphylococcus,Firmicutes|Bacilli|Thermicanales|Thermicanaceae|Thermicanus,Firmicutes|Bacilli|Thermoactinomycetales|Thermoactinomycetaceae|Kroppenstedtia,Firmicutes|Bacilli|Thermoactinomycetales|Thermoactinomycetaceae|Planifilum,Firmicutes|Clostridia|Christensenellales|Christensenellaceae|Christensenellaceae R-7 group,Firmicutes|Clostridia|Clostridia UCG-014|null|null,Firmicutes|Clostridia|Clostridiales|Clostridiaceae|Clostridium sensu stricto 1,Firmicutes|Clostridia|Clostridiales|Clostridiaceae|Clostridium sensu stricto 13,Firmicutes|Clostridia|Clostridiales|Clostridiaceae|Clostridium sensu stricto 8,Firmicutes|Clostridia|Lachnospirales|Lachnospiraceae|Blautia,Firmicutes|Clostridia|Lachnospirales|Lachnospiraceae|Coprococcus,Firmicutes|Clostridia|Lachnospirales|Lachnospiraceae|Lachnotalea,Firmicutes|Clostridia|Lachnospirales|Lachnospiraceae|Oribacterium,Firmicutes|Clostridia|Lachnospirales|Lachnospiraceae|Stomatobaculum,Firmicutes|Clostridia|Oscillospirales|Ruminococcaceae|Faecalibacterium,Firmicutes|Clostridia|Peptostreptococcales-Tissierellales|Anaerococcus|null,Firmicutes|Clostridia|Peptostreptococcales-Tissierellales|Anaerovoracaceae|Anaerovorax,Firmicutes|Clostridia|Peptostreptococcales-Tissierellales|Anaerovoracaceae|S5-A14a,Firmicutes|Clostridia|Peptostreptococcales-Tissierellales|Fenollaria|null,Firmicutes|Clostridia|Peptostreptococcales-Tissierellales|Finegoldia|null,Firmicutes|Clostridia|Peptostreptococcales-Tissierellales|Fusibacteraceae|Fusibacter,Firmicutes|Clostridia|Peptostreptococcales-Tissierellales|Peptoniphilus|null,Firmicutes|Clostridia|Peptostreptococcales-Tissierellales|Peptostreptococcaceae|Paeniclostridium,Firmicutes|Clostridia|Peptostreptococcales-Tissierellales|Peptostreptococcaceae|Romboutsia,Firmicutes|Clostridia|Peptostreptococcales-Tissierellales|Peptostreptococcaceae|Terrisporobacter,Firmicutes|Desulfotomaculia|Desulfotomaculales|Desulfotomaculum|null,Firmicutes|Negativicutes|Veillonellales-Selenomonadales|Sporomusaceae|Acetonema,Firmicutes|Negativicutes|Veillonellales-Selenomonadales|Veillonellaceae|Dialister,Firmicutes|Negativicutes|Veillonellales-Selenomonadales|Veillonellaceae|Veillonella,Firmicutes|null|null|null|null,Fusobacteriota|Fusobacteriia|Fusobacteriales|Fusobacteriaceae|Fusobacterium,Fusobacteriota|Fusobacteriia|Fusobacteriales|Leptotrichiaceae|Leptotrichia,Fusobacteriota|Fusobacteriia|Fusobacteriales|Leptotrichiaceae|null,Fusobacteriota|Fusobacteriia|Fusobacteriales|Leptotrichiaceae|Sneathia,Gemmatimonadota|Gemmatimonadetes|Gemmatimonadales|Gemmatimonadaceae|Gemmatimonas,Gemmatimonadota|Gemmatimonadetes|Gemmatimonadales|Gemmatimonadaceae|Roseisolibacter,Halanaerobiaeota|Halanaerobiia|Halanaerobiales|Halanaerobiaceae|Halocella,MBNT15|null|null|null|null,Myxococcota|Myxococcia|Myxococcales|Myxococcaceae|P3OB-42,Patescibacteria|Gracilibacteria|Absconditabacteriales (SR1)|null|null,Patescibacteria|Saccharimonadia|Saccharimonadales|LWQ8|null,Patescibacteria|Saccharimonadia|Saccharimonadales|null|null,Patescibacteria|Saccharimonadia|Saccharimonadales|Saccharimonadaceae|TM7a,Proteobacteria|Alphaproteobacteria|Acetobacterales|Acetobacteraceae|Acidiphilium,Proteobacteria|Alphaproteobacteria|Acetobacterales|Acetobacteraceae|Endobacter,Proteobacteria|Alphaproteobacteria|Acetobacterales|Acetobacteraceae|null,Proteobacteria|Alphaproteobacteria|Acetobacterales|Acetobacteraceae|Roseomonas,Proteobacteria|Alphaproteobacteria|Azospirillales|Azospirillaceae|Niveispirillum,Proteobacteria|Alphaproteobacteria|Azospirillales|Azospirillaceae|Skermanella,Proteobacteria|Alphaproteobacteria|Caulobacterales|Caulobacteraceae|Brevundimonas,Proteobacteria|Alphaproteobacteria|Caulobacterales|Caulobacteraceae|null,Proteobacteria|Alphaproteobacteria|Caulobacterales|Caulobacteraceae|Phenylobacterium,Proteobacteria|Alphaproteobacteria|null|null|null,Proteobacteria|Alphaproteobacteria|Rhizobiales|A0839|null,Proteobacteria|Alphaproteobacteria|Rhizobiales|Beijerinckiaceae|1174-901-12,Proteobacteria|Alphaproteobacteria|Rhizobiales|Beijerinckiaceae|Bosea,Proteobacteria|Alphaproteobacteria|Rhizobiales|Beijerinckiaceae|Methylobacterium-Methylorubrum,Proteobacteria|Alphaproteobacteria|Rhizobiales|Beijerinckiaceae|Methylocella,Proteobacteria|Alphaproteobacteria|Rhizobiales|Beijerinckiaceae|null,Proteobacteria|Alphaproteobacteria|Rhizobiales|Beijerinckiaceae|Psychroglaciecola,Proteobacteria|Alphaproteobacteria|Rhizobiales|Devosiaceae|Devosia,Proteobacteria|Alphaproteobacteria|Rhizobiales|Devosiaceae|null,Proteobacteria|Alphaproteobacteria|Rhizobiales|Hyphomicrobiaceae|Hyphomicrobium,Proteobacteria|Alphaproteobacteria|Rhizobiales|null|null,Proteobacteria|Alphaproteobacteria|Rhizobiales|Rhizobiaceae|Aliihoeflea,Proteobacteria|Alphaproteobacteria|Rhizobiales|Rhizobiaceae|Allorhizobium-Neorhizobium-Pararhizobium-Rhizobium,Proteobacteria|Alphaproteobacteria|Rhizobiales|Rhizobiaceae|Jiella,Proteobacteria|Alphaproteobacteria|Rhizobiales|Rhizobiaceae|null,Proteobacteria|Alphaproteobacteria|Rhizobiales|Rhizobiaceae|Phyllobacterium,Proteobacteria|Alphaproteobacteria|Rhizobiales|Rhizobiales Incertae Sedis|Phreatobacter,Proteobacteria|Alphaproteobacteria|Rhizobiales|Xanthobacteraceae|Afipia,Proteobacteria|Alphaproteobacteria|Rhizobiales|Xanthobacteraceae|null,Proteobacteria|Alphaproteobacteria|Rhizobiales|Xanthobacteraceae|Oligotropha,Proteobacteria|Alphaproteobacteria|Rhizobiales|Xanthobacteraceae|Tardiphaga,Proteobacteria|Alphaproteobacteria|Rhizobiales|Xanthobacteraceae|Xanthobacter,Proteobacteria|Alphaproteobacteria|Rhodobacterales|Rhodobacteraceae|Defluviimonas,Proteobacteria|Alphaproteobacteria|Rhodobacterales|Rhodobacteraceae|Falsirhodobacter,Proteobacteria|Alphaproteobacteria|Rhodobacterales|Rhodobacteraceae|null,Proteobacteria|Alphaproteobacteria|Rhodobacterales|Rhodobacteraceae|Paracoccus,Proteobacteria|Alphaproteobacteria|Rhodobacterales|Rhodobacteraceae|Rhodobacter,Proteobacteria|Alphaproteobacteria|Rhodobacterales|Rhodobacteraceae|Rubellimicrobium,Proteobacteria|Alphaproteobacteria|Rhodospirillales|null|null,Proteobacteria|Alphaproteobacteria|Rhodospirillales|Rhodospirillaceae|Candidatus Riegeria,Proteobacteria|Alphaproteobacteria|Rhodospirillales|Rhodospirillaceae|Novispirillum,Proteobacteria|Alphaproteobacteria|Rickettsiales|Mitochondria|null,Proteobacteria|Alphaproteobacteria|Rickettsiales|null|null,Proteobacteria|Alphaproteobacteria|Sphingomonadales|Sphingomonadaceae|Altererythrobacter,Proteobacteria|Alphaproteobacteria|Sphingomonadales|Sphingomonadaceae|Blastomonas,Proteobacteria|Alphaproteobacteria|Sphingomonadales|Sphingomonadaceae|Hephaestia,Proteobacteria|Alphaproteobacteria|Sphingomonadales|Sphingomonadaceae|MN 122.2a,Proteobacteria|Alphaproteobacteria|Sphingomonadales|Sphingomonadaceae|null,Proteobacteria|Alphaproteobacteria|Sphingomonadales|Sphingomonadaceae|Porphyrobacter,Proteobacteria|Alphaproteobacteria|Sphingomonadales|Sphingomonadaceae|Qipengyuania,Proteobacteria|Alphaproteobacteria|Sphingomonadales|Sphingomonadaceae|Rhizorhapis,Proteobacteria|Alphaproteobacteria|Sphingomonadales|Sphingomonadaceae|Sphingobium,Proteobacteria|Alphaproteobacteria|Sphingomonadales|Sphingomonadaceae|Sphingomonas,Proteobacteria|Alphaproteobacteria|Sphingomonadales|Sphingomonadaceae|Sphingopyxis,Proteobacteria|Gammaproteobacteria|Aeromonadales|Aeromonadaceae|Aeromonas,Proteobacteria|Gammaproteobacteria|Alteromonadales|Alteromonadaceae|Alishewanella,Proteobacteria|Gammaproteobacteria|Alteromonadales|Alteromonadaceae|Rheinheimera,Proteobacteria|Gammaproteobacteria|Alteromonadales|Shewanellaceae|Shewanella,Proteobacteria|Gammaproteobacteria|Burkholderiales|Alcaligenaceae|Alcaligenes,Proteobacteria|Gammaproteobacteria|Burkholderiales|Alcaligenaceae|Kerstersia,Proteobacteria|Gammaproteobacteria|Burkholderiales|Alcaligenaceae|null,Proteobacteria|Gammaproteobacteria|Burkholderiales|Alcaligenaceae|Verticiella,Proteobacteria|Gammaproteobacteria|Burkholderiales|Burkholderiaceae|Burkholderia-Caballeronia-Paraburkholderia,Proteobacteria|Gammaproteobacteria|Burkholderiales|Burkholderiaceae|Lautropia,Proteobacteria|Gammaproteobacteria|Burkholderiales|Burkholderiaceae|null,Proteobacteria|Gammaproteobacteria|Burkholderiales|Burkholderiaceae|Ralstonia,Proteobacteria|Gammaproteobacteria|Burkholderiales|Comamonadaceae|Acidovorax,Proteobacteria|Gammaproteobacteria|Burkholderiales|Comamonadaceae|Alicycliphilus,Proteobacteria|Gammaproteobacteria|Burkholderiales|Comamonadaceae|Aquabacterium,Proteobacteria|Gammaproteobacteria|Burkholderiales|Comamonadaceae|Comamonas,Proteobacteria|Gammaproteobacteria|Burkholderiales|Comamonadaceae|Delftia,Proteobacteria|Gammaproteobacteria|Burkholderiales|Comamonadaceae|Diaphorobacter,Proteobacteria|Gammaproteobacteria|Burkholderiales|Comamonadaceae|Hydrogenophaga,Proteobacteria|Gammaproteobacteria|Burkholderiales|Comamonadaceae|Ideonella,Proteobacteria|Gammaproteobacteria|Burkholderiales|Comamonadaceae|null,Proteobacteria|Gammaproteobacteria|Burkholderiales|Comamonadaceae|Ottowia,Proteobacteria|Gammaproteobacteria|Burkholderiales|Comamonadaceae|Ramlibacter,Proteobacteria|Gammaproteobacteria|Burkholderiales|Comamonadaceae|Rhizobacter,Proteobacteria|Gammaproteobacteria|Burkholderiales|Comamonadaceae|Roseateles,Proteobacteria|Gammaproteobacteria|Burkholderiales|Comamonadaceae|Schlegelella,Proteobacteria|Gammaproteobacteria|Burkholderiales|Comamonadaceae|Simplicispira,Proteobacteria|Gammaproteobacteria|Burkholderiales|Comamonadaceae|Tepidimonas,Proteobacteria|Gammaproteobacteria|Burkholderiales|Comamonadaceae|Variovorax,Proteobacteria|Gammaproteobacteria|Burkholderiales|Comamonadaceae|Xylophilus,Proteobacteria|Gammaproteobacteria|Burkholderiales|Hydrogenophilaceae|Hydrogenophilus,Proteobacteria|Gammaproteobacteria|Burkholderiales|Hydrogenophilaceae|Tepidiphilus,Proteobacteria|Gammaproteobacteria|Burkholderiales|Neisseriaceae|Neisseria,Proteobacteria|Gammaproteobacteria|Burkholderiales|Neisseriaceae|null,Proteobacteria|Gammaproteobacteria|Burkholderiales|null|null,Proteobacteria|Gammaproteobacteria|Burkholderiales|Oxalobacteraceae|Candidatus Profftella,Proteobacteria|Gammaproteobacteria|Burkholderiales|Oxalobacteraceae|Janthinobacterium,Proteobacteria|Gammaproteobacteria|Burkholderiales|Oxalobacteraceae|Massilia,Proteobacteria|Gammaproteobacteria|Burkholderiales|Oxalobacteraceae|Noviherbaspirillum,Proteobacteria|Gammaproteobacteria|Burkholderiales|Oxalobacteraceae|Pseudoduganella,Proteobacteria|Gammaproteobacteria|Burkholderiales|Oxalobacteraceae|Undibacterium,Proteobacteria|Gammaproteobacteria|Burkholderiales|Rhodocyclaceae|Azospira,Proteobacteria|Gammaproteobacteria|Burkholderiales|Rhodocyclaceae|Methyloversatilis,Proteobacteria|Gammaproteobacteria|Burkholderiales|Rhodocyclaceae|Thauera,Proteobacteria|Gammaproteobacteria|Burkholderiales|Rhodocyclaceae|Z-35,Proteobacteria|Gammaproteobacteria|Burkholderiales|Sutterellaceae|null,Proteobacteria|Gammaproteobacteria|Cardiobacteriales|Cardiobacteriaceae|Cardiobacterium,Proteobacteria|Gammaproteobacteria|Diplorickettsiales|Diplorickettsiaceae|Aquicella,Proteobacteria|Gammaproteobacteria|Diplorickettsiales|Diplorickettsiaceae|null,Proteobacteria|Gammaproteobacteria|Enterobacterales|Enterobacteriaceae|Citrobacter,Proteobacteria|Gammaproteobacteria|Enterobacterales|Enterobacteriaceae|Escherichia/Shigella,Proteobacteria|Gammaproteobacteria|Enterobacterales|Enterobacteriaceae|Klebsiella,Proteobacteria|Gammaproteobacteria|Enterobacterales|Enterobacteriaceae|Mangrovibacter,Proteobacteria|Gammaproteobacteria|Enterobacterales|Enterobacteriaceae|null,Proteobacteria|Gammaproteobacteria|Enterobacterales|Enterobacteriaceae|Salmonella,Proteobacteria|Gammaproteobacteria|Enterobacterales|Erwiniaceae|Erwinia,Proteobacteria|Gammaproteobacteria|Enterobacterales|Erwiniaceae|Incertae Sedis,Proteobacteria|Gammaproteobacteria|Enterobacterales|Erwiniaceae|null,Proteobacteria|Gammaproteobacteria|Enterobacterales|Erwiniaceae|Pantoea,Proteobacteria|Gammaproteobacteria|Enterobacterales|Erwiniaceae|Siccibacter,Proteobacteria|Gammaproteobacteria|Enterobacterales|Morganellaceae|Buchnera,Proteobacteria|Gammaproteobacteria|Enterobacterales|Morganellaceae|Providencia,Proteobacteria|Gammaproteobacteria|Enterobacterales|null|null,Proteobacteria|Gammaproteobacteria|Enterobacterales|Pectobacteriaceae|null,Proteobacteria|Gammaproteobacteria|Enterobacterales|Yersiniaceae|null,Proteobacteria|Gammaproteobacteria|Enterobacterales|Yersiniaceae|Rahnella1,Proteobacteria|Gammaproteobacteria|Enterobacterales|Yersiniaceae|Serratia,Proteobacteria|Gammaproteobacteria|Gammaproteobacteria Incertae Sedis|Unknown Family|Acidibacter,Proteobacteria|Gammaproteobacteria|null|null|null,Proteobacteria|Gammaproteobacteria|Oceanospirillales|Alcanivoracaceae1|Alcanivorax,Proteobacteria|Gammaproteobacteria|Oceanospirillales|Halomonadaceae|Halomonas,Proteobacteria|Gammaproteobacteria|Oceanospirillales|Halomonadaceae|Modicisalibacter,Proteobacteria|Gammaproteobacteria|Oceanospirillales|Halomonadaceae|null,Proteobacteria|Gammaproteobacteria|Pasteurellales|Pasteurellaceae|Actinobacillus,Proteobacteria|Gammaproteobacteria|Pasteurellales|Pasteurellaceae|Aggregatibacter,Proteobacteria|Gammaproteobacteria|Pasteurellales|Pasteurellaceae|Frederiksenia,Proteobacteria|Gammaproteobacteria|Pasteurellales|Pasteurellaceae|Haemophilus,Proteobacteria|Gammaproteobacteria|Pasteurellales|Pasteurellaceae|null,Proteobacteria|Gammaproteobacteria|Pseudomonadales|Moraxellaceae|Acinetobacter,Proteobacteria|Gammaproteobacteria|Pseudomonadales|Moraxellaceae|Alkanindiges,Proteobacteria|Gammaproteobacteria|Pseudomonadales|Moraxellaceae|Enhydrobacter,Proteobacteria|Gammaproteobacteria|Pseudomonadales|Moraxellaceae|Moraxella,Proteobacteria|Gammaproteobacteria|Pseudomonadales|Moraxellaceae|Perlucidibaca,Proteobacteria|Gammaproteobacteria|Pseudomonadales|Moraxellaceae|Psychrobacter,Proteobacteria|Gammaproteobacteria|Pseudomonadales|Pseudomonadaceae|Azomonas,Proteobacteria|Gammaproteobacteria|Pseudomonadales|Pseudomonadaceae|Azotobacter,Proteobacteria|Gammaproteobacteria|Pseudomonadales|Pseudomonadaceae|null,Proteobacteria|Gammaproteobacteria|Pseudomonadales|Pseudomonadaceae|Pseudomonas,Proteobacteria|Gammaproteobacteria|Pseudomonadales|Pseudomonadaceae|Thiopseudomonas,Proteobacteria|Gammaproteobacteria|Salinisphaerales|Salinisphaeraceae|Salinisphaera,Proteobacteria|Gammaproteobacteria|Salinisphaerales|Solimonadaceae|Hydrocarboniphaga,Proteobacteria|Gammaproteobacteria|Salinisphaerales|Solimonadaceae|Nevskia,Proteobacteria|Gammaproteobacteria|Vibrionales|Vibrionaceae|Photobacterium,Proteobacteria|Gammaproteobacteria|Xanthomonadales|Rhodanobacteraceae|Luteibacter,Proteobacteria|Gammaproteobacteria|Xanthomonadales|Xanthomonadaceae|Luteimonas,Proteobacteria|Gammaproteobacteria|Xanthomonadales|Xanthomonadaceae|Lysobacter,Proteobacteria|Gammaproteobacteria|Xanthomonadales|Xanthomonadaceae|Pseudoxanthomonas,Proteobacteria|Gammaproteobacteria|Xanthomonadales|Xanthomonadaceae|Stenotrophomonas,Proteobacteria|Gammaproteobacteria|Xanthomonadales|Xanthomonadaceae|Vulcaniibacterium,Proteobacteria|Gammaproteobacteria|Xanthomonadales|Xanthomonadaceae|Xanthomonas,Proteobacteria|null|null|null|null,Spirochaetota|Spirochaetia|Spirochaetales|Spirochaetaceae|Treponema,WPS-2|null|null|null|null
pos,0,0,0,0,0,0,0,0,0,0,1707,0,0,0,0,0,0,0,0,8,0,0,0,0,0,0,0,0,0,0,0,0,0,0,0,41,0,0,0,0,0,76,0,509,0,0,0,552,3,0,0,0,0,0,0,0,701,0,0,0,0,0,0,0,0,0,0,0,0,0,0,0,0,0,53,0,0,0,0,0,0,0,0,0,0,0,0,0,0,0,0,0,0,0,0,0,0,0,0,0,0,0,0,0,505,0,288,0,0,53,0,402,0,0,0,0,0,0,0,0,0,0,0,0,0,0,0,48,0,0,0,0,0,8,0,0,0,0,0,0,0,419,0,0,0,0,0,0,0,195,0,0,0,0,0,459,499,0,8,0,0,0,613,0,0,378,0,0,8,0,0,0,0,0,0,0,0,265,0,0,0,0,0,0,0,0,0,0,0,0,0,0,0,0,0,0,18,0,0,461,0,0,0,0,0,0,0,0,0,0,0,0,0,0,0,0,0,0,0,0,367,0,0,0,0,0,0,72,0,0,0,0,0,0,0,0,0,0,0,0,0,0,0,0,0,323,0,0,407,0,0,0,4161,0,426,0,0,0,412,0,0,23,0,0,0,0,0,0,0,0,0,0,0,0,0,0,0,315,0,0,12,0,0,0,0,9,0,0,0,0,0,0,638,0,0,0,0,0,0,0,0,0,379,0,0,0,0,0,0,0,0,0,0,0,0,55,0,0,0,38,0,0,0,0,0,0,0,0,0,0,0,0,300,0,0,0,0,0,0,0,0,0,0,1149,0,758,0,0,0,0,0,0,288,0,0,0,0,0,0,0,0,0,0,0,0,233,0,0
neg,0,0,0,0,0,0,104,0,0,0,40,0,0,0,0,0,0,0,0,0,0,0,0,0,0,0,0,0,0,0,0,0,0,0,0,0,0,0,0,0,0,0,0,0,0,0,0,0,0,0,0,0,23,0,0,0,1060,0,0,0,0,0,0,107,0,0,0,0,0,0,0,0,0,0,0,0,0,0,0,0,0,0,0,0,0,0,0,0,0,0,10,133,0,0,0,0,0,0,0,0,0,0,0,0,0,0,0,0,50,634,0,0,0,0,0,0,0,0,0,0,0,0,0,0,0,0,0,0,0,0,0,0,0,9,0,0,0,0,0,0,0,0,0,0,0,0,0,0,0,0,0,0,0,0,0,0,0,0,0,0,0,0,1170,0,0,9,133,0,169,0,0,0,0,0,0,0,0,0,0,0,0,0,0,0,0,0,0,0,0,0,0,0,0,0,0,0,0,0,0,0,0,0,0,0,0,0,0,0,0,0,0,0,0,0,0,0,0,262,0,0,376,0,0,0,203,0,0,3078,72,0,0,0,0,0,0,0,0,0,0,0,0,0,0,0,0,0,0,0,0,0,0,0,3688,62,0,0,0,11,48,0,0,0,0,0,0,0,0,0,0,0,0,0,0,0,0,0,0,0,0,0,67,0,0,0,0,0,0,0,0,0,0,0,463,0,0,0,0,0,0,556,0,0,0,0,0,0,0,0,0,0,0,0,0,0,0,249,96,0,0,9,0,0,0,0,0,0,0,0,0,0,0,0,0,0,0,0,0,0,0,0,0,9,0,1222,0,0,0,0,0,0,0,0,1428,0,473,0,0,0,0,0,0,0,0,0,0,851,0,0
pos,0,0,0,0,0,0,37,290,0,0,0,0,0,0,0,0,0,0,0,0,0,0,0,0,0,0,0,0,0,0,0,0,0,0,0,0,0,0,0,0,0,0,18,0,0,0,0,0,0,0,0,0,0,0,0,0,348,0,0,0,0,0,144,0,0,0,0,0,0,0,0,0,0,0,0,0,0,0,0,0,0,0,0,0,0,0,0,0,0,0,0,0,0,0,0,0,0,0,0,0,0,0,0,0,0,0,0,0,0,347,0,0,0,0,0,0,0,0,0,582,0,0,0,0,0,0,0,0,0,764,0,0,0,0,0,0,5,0,0,0,0,0,0,0,0,0,0,0,0,0,0,0,0,0,0,0,69,0,0,0,0,0,607,0,0,0,0,0,6,0,0,0,0,0,0,0,0,0,0,0,0,0,0,0,0,0,0,0,0,0,366,0,0,0,0,0,0,0,0,0,0,0,0,0,0,0,0,0,0,0,0,0,0,0,0,0,0,0,0,0,879,0,0,0,0,0,0,0,0,0,0,0,0,0,0,0,0,0,0,0,0,0,0,0,0,0,0,0,0,0,0,0,3533,0,0,0,0,0,0,0,0,0,0,0,0,0,0,0,0,0,0,0,0,0,0,0,0,36,0,0,0,0,0,0,0,0,0,0,0,0,0,0,335,0,0,279,0,332,0,0,0,0,0,0,0,0,0,0,0,0,0,0,0,0,0,21,0,0,56,0,0,0,0,0,231,0,0,42,0,46,0,0,0,0,0,0,0,0,0,0,0,0,0,59,0,0,0,0,0,0,0,0,326,0,0,0,0,0,0,0,0,0,0,0,0,597,0,0
pos,0,0,0,0,0,0,0,48,0,0,1094,0,59,0,0,0,0,69,0,0,0,118,0,0,0,0,0,0,0,0,0,0,0,0,0,0,0,0,0,0,0,198,0,0,0,0,0,0,0,0,0,0,0,0,0,0,3002,0,0,0,0,0,0,0,0,0,0,0,0,0,0,0,550,0,0,0,170,0,0,0,0,0,260,0,0,0,0,0,0,0,0,245,0,0,0,0,0,0,0,0,0,0,0,0,0,0,0,0,0,218,0,0,0,0,0,0,0,0,0,0,0,0,0,0,0,0,0,0,0,633,0,0,0,54,0,0,0,0,0,0,0,0,0,0,0,0,0,0,0,0,0,0,0,0,0,0,117,0,6,0,0,0,364,0,0,86397,0,0,297,0,0,0,0,0,0,0,0,0,0,0,0,0,0,8,0,0,0,0,0,0,0,0,0,0,0,0,0,0,0,0,0,0,0,0,0,0,0,0,0,0,0,0,0,0,0,0,0,28,0,0,217,0,0,0,399,0,0,511,0,0,0,0,0,0,0,0,0,0,0,0,0,0,0,0,0,470,0,0,0,0,0,63,12460,512,0,0,0,0,88,0,0,0,0,472,0,0,0,0,0,0,0,0,0,0,0,0,0,298,112,0,211,0,112,0,0,0,0,0,0,0,0,0,2290,0,0,0,0,0,0,0,0,0,0,221,0,0,0,0,0,0,0,0,0,0,0,29,0,0,0,57,0,0,0,0,0,0,0,0,0,0,0,0,0,0,0,36,0,0,0,0,0,99,0,8,0,0,0,0,83,0,0,0,2059,0,0,0,0,0,0,0,0,0,0,0,0,2916,0,0
pos,0,0,0,0,0,0,13,0,0,0,0,0,0,347,0,0,0,0,0,0,0,0,0,0,0,0,0,0,0,0,0,0,0,0,0,0,0,0,0,0,0,0,0,0,0,0,0,0,0,0,0,0,0,0,0,0,1687,0,0,0,0,0,0,0,83,0,0,0,0,0,0,0,0,0,0,0,0,0,0,0,0,0,0,0,0,0,0,0,0,0,0,0,0,0,0,0,0,0,0,0,0,0,0,0,0,0,0,0,0,0,0,0,0,0,0,0,0,0,0,0,0,0,0,0,0,0,0,0,0,0,0,0,0,0,0,0,0,0,0,0,52,0,0,0,0,0,0,0,0,0,0,0,0,0,0,0,0,0,0,0,0,0,1166,0,0,33,0,0,1103,0,0,0,0,0,0,0,0,0,0,0,0,0,0,0,0,0,0,0,0,0,0,0,0,0,0,0,0,0,0,0,0,0,0,0,0,0,0,0,0,0,0,0,0,0,0,0,0,0,0,0,0,0,0,0,0,0,0,125,102,13,0,12,0,0,0,0,0,0,0,46,0,0,0,0,0,0,0,0,0,0,0,0,0,153,0,0,0,0,56,0,0,0,0,0,0,0,0,0,0,0,0,0,0,0,0,0,0,0,28,0,0,0,21,0,0,0,0,0,0,0,140,0,440,0,0,0,0,77,0,0,0,0,0,0,0,0,0,0,0,0,0,0,0,0,116,12,0,0,22,7,0,0,0,0,0,0,0,0,0,0,0,0,0,0,0,43,0,0,0,0,0,0,0,89,0,0,0,0,0,0,0,0,0,0,0,0,0,0,0,0,0,0,0,0,0,161,0,0
neg,0,0,0,0,0,0,1584,32,0,0,121,0,0,0,0,0,0,0,0,0,0,0,0,0,0,0,0,0,0,0,0,0,0,0,0,0,0,0,0,0,0,0,243,0,0,0,0,0,0,0,0,0,0,0,0,0,29806,0,0,0,0,0,0,0,0,0,0,0,0,0,0,0,0,0,0,0,0,0,0,0,0,0,0,65,0,0,0,0,0,0,0,0,0,0,0,0,0,0,0,0,0,0,0,0,0,0,0,0,0,0,0,0,0,0,0,0,0,0,0,0,0,0,0,0,0,0,0,0,0,952,0,0,0,0,0,0,0,0,0,0,0,0,0,0,0,0,0,0,0,0,0,0,0,0,0,0,0,0,0,0,317,0,1400,0,0,41,2336,0,1935,0,0,0,0,0,0,0,0,0,0,0,0,0,0,0,0,0,0,0,0,0,0,0,0,0,0,0,0,0,0,0,0,0,0,0,0,0,0,0,0,0,0,0,0,0,0,0,0,0,0,0,0,0,0,76,0,0,0,361,0,0,0,0,0,0,0,0,0,0,0,0,0,0,814,0,0,0,49,0,0,0,0,0,0,44,0,0,0,0,899,0,0,0,0,765,0,0,0,54,0,0,0,9,0,0,0,0,0,0,69,0,777,0,0,0,0,0,0,0,0,0,0,0,3221,0,0,0,0,0,0,0,0,0,0,0,0,0,0,0,0,0,0,0,0,0,0,0,0,0,31,0,962,0,2487,165,0,0,0,217,0,146,15,0,0,0,0,540,0,171,0,0,0,853,0,743,0,538,0,0,0,0,0,0,4484,0,0,0,0,0,0,0,0,0,0,0,0,87,0,0
neg,0,0,0,0,0,0,775,0,0,0,431,0,0,0,0,0,0,0,0,0,0,0,0,0,0,0,0,0,0,0,0,0,0,0,0,0,0,0,0,0,0,0,51,0,0,0,0,0,0,0,0,0,0,0,0,0,563,0,0,0,0,0,0,0,0,0,0,0,0,0,0,0,0,0,0,0,0,0,0,0,0,0,0,0,0,0,645,0,0,0,0,0,0,0,0,0,0,0,0,0,0,0,0,0,0,0,0,0,62,296,0,0,0,0,0,0,0,0,0,0,0,0,0,0,0,0,0,0,0,685,0,0,0,0,0,0,0,0,0,0,0,0,0,0,0,0,0,0,0,0,0,0,0,0,0,34,0,368,0,0,0,0,796,0,0,9,0,0,427,0,0,0,0,0,0,0,0,0,0,0,0,0,0,0,0,0,0,0,0,0,0,0,0,0,0,0,0,0,0,0,0,0,0,0,0,0,0,0,0,0,0,0,0,0,0,0,0,0,0,0,0,0,0,0,0,0,0,154,0,0,0,0,0,0,0,0,0,0,0,0,0,0,0,0,0,0,0,0,0,0,0,0,282,0,0,0,0,0,0,0,0,0,0,0,0,0,0,0,0,0,0,0,0,0,0,0,0,441,0,0,0,0,0,0,0,0,0,0,0,0,0,0,0,0,0,509,0,0,0,0,0,0,0,0,0,0,0,0,81,0,0,0,0,0,0,12,0,0,0,10,0,0,0,0,0,0,0,0,0,0,0,0,0,0,0,133,0,353,0,0,0,727,0,0,0,0,0,0,0,0,0,0,7,0,0,0,0,0,0,0,0,0,0,0,0,23,0,0
pos,0,0,0,0,0,0,0,49,0,0,1362,0,0,0,0,0,0,0,0,0,0,0,0,0,0,0,0,0,0,0,0,0,0,0,0,0,0,0,0,0,0,0,0,0,0,0,0,0,0,0,0,0,0,0,0,4,347,0,0,0,0,0,0,0,0,0,0,0,0,0,0,0,0,0,0,0,0,0,0,0,0,0,0,0,0,0,0,0,0,0,468,0,0,0,0,0,0,0,0,0,0,0,0,300,0,0,0,0,0,139,0,0,0,0,0,0,0,0,0,282,0,0,0,0,0,0,0,0,0,910,0,0,0,0,0,0,0,0,0,0,0,0,0,0,0,0,0,0,0,0,0,0,0,0,3,0,0,0,0,25,9,0,10,0,0,342,0,0,26,0,0,0,0,0,0,0,0,0,0,0,0,0,0,0,0,0,0,0,0,0,0,0,0,0,0,0,0,0,0,345,0,0,0,0,0,0,0,0,0,0,0,0,0,0,5,0,0,0,0,0,590,0,0,0,3,0,0,0,0,0,87,0,0,0,0,0,0,0,0,0,0,0,0,0,0,0,8,0,0,0,0,0,5668,210,0,0,0,0,155,0,0,0,0,0,0,0,0,0,0,0,0,0,0,0,0,0,0,0,15,0,0,0,20,0,0,0,0,0,0,0,0,219,876,0,0,7,0,0,0,0,0,0,0,0,0,0,0,0,0,0,0,0,0,0,0,0,0,0,0,0,0,0,0,6,0,0,0,0,0,41,0,0,0,0,0,133,0,0,0,380,0,4,122,634,0,298,0,0,0,0,0,0,20,0,0,0,0,0,0,0,0,0,0,0,0,1933,0,0
pos,0,0,54,0,0,0,326,0,0,0,826,0,0,0,0,0,0,0,0,0,0,0,0,0,0,0,0,0,0,0,0,0,0,0,0,0,0,0,0,0,0,0,0,0,0,0,0,450,0,0,0,0,0,0,0,0,1271,0,0,0,0,0,0,0,0,0,0,0,0,0,0,0,0,0,0,0,0,0,0,0,0,77,0,0,0,0,12,0,0,150,0,312,0,0,0,0,0,0,0,0,0,0,0,0,0,0,0,0,0,72,5,0,0,0,0,0,0,0,0,0,0,0,0,0,0,0,0,0,0,86,0,0,0,110,0,0,0,0,0,0,0,0,0,0,0,0,345,0,0,0,0,0,0,10,0,3,0,0,0,99,23,320,1286,0,0,238,0,0,255,0,0,0,0,0,0,0,0,0,0,283,0,0,0,0,0,0,0,0,277,235,0,0,0,0,0,0,7,0,26,122,0,0,0,0,0,0,0,0,0,0,0,0,0,0,0,0,0,0,0,0,556,0,0,0,0,0,0,73,0,0,0,0,0,0,0,0,0,0,0,0,0,0,0,0,0,0,0,0,0,0,0,0,2598,181,0,0,0,0,0,0,0,0,0,0,0,0,0,0,0,0,0,0,0,0,169,0,0,0,0,0,0,0,0,0,206,0,0,0,0,0,0,0,339,0,0,0,0,353,0,0,0,0,0,0,0,0,0,0,0,0,0,0,0,0,0,0,0,0,0,13,0,0,0,0,0,0,0,0,0,106,0,0,0,0,0,0,0,0,0,163,0,257,0,746,0,0,0,0,318,0,0,0,186,0,3,0,0,0,0,0,0,0,0,0,0,1015,0,0
pos,0,0,0,0,7,0,0,0,0,0,466,0,0,0,0,0,0,0,0,0,0,0,0,0,0,0,0,0,0,0,0,0,0,0,0,0,0,0,123,0,0,0,66,0,0,0,0,86,0,0,0,0,0,0,0,0,487,0,0,0,0,0,0,0,56,0,0,0,0,196,0,0,0,0,261,0,0,0,0,0,0,0,0,0,0,0,0,5,0,246,0,0,0,0,0,0,0,0,0,0,0,0,0,0,0,0,0,0,0,260,0,0,0,441,0,0,0,0,0,0,0,0,0,0,0,0,0,0,0,283,0,0,0,0,229,0,0,0,0,0,0,0,0,0,0,0,0,319,0,0,0,0,0,0,0,0,17,0,0,0,0,0,72949,0,0,367,0,0,738,0,0,0,0,0,0,0,0,0,0,0,0,0,0,0,0,0,0,0,0,0,0,0,0,93,0,0,0,0,0,0,0,0,0,0,0,0,0,0,0,0,0,0,0,0,0,0,0,5,0,0,0,0,0,0,14,0,0,0,0,0,0,0,0,0,0,0,0,0,0,0,0,0,0,0,0,0,0,58,0,0,0,0,6276,292,0,0,0,0,0,0,0,0,0,0,0,0,0,0,0,0,0,0,0,0,0,0,0,0,0,269,0,0,98,0,0,47,0,0,0,0,90,112,85,0,0,0,0,0,0,0,0,0,96,0,0,0,0,0,0,0,0,0,0,0,0,213,0,0,104,0,0,0,0,0,0,0,0,0,0,0,0,0,0,0,0,0,0,0,0,0,0,64,0,538,0,0,0,0,416,0,0,0,952,0,0,22,0,0,0,0,241,0,0,0,0,1115,0,0
pos,0,0,0,0,0,0,253,257,0,0,1837,0,0,0,0,0,0,0,0,0,0,170,0,0,0,0,0,0,0,0,0,0,0,0,0,0,0,0,0,0,0,0,0,0,0,0,0,0,0,0,0,0,0,0,0,0,3099,0,0,0,0,284,0,0,0,0,0,0,0,0,0,0,0,0,0,0,0,0,0,0,0,0,0,0,0,955,0,0,842,0,0,0,0,0,0,0,0,0,0,0,0,0,0,0,0,0,0,0,119,0,0,0,0,0,0,0,0,0,0,0,0,0,0,0,25,0,0,220,3,1607,0,0,10,15,0,0,0,0,0,0,0,0,0,0,0,0,0,0,0,0,5,0,0,0,0,60,0,0,7,0,84,0,429,0,0,1931,0,0,1818,0,0,0,0,0,0,0,0,0,0,0,0,0,0,0,0,0,0,0,0,0,0,0,0,235,0,0,0,0,0,0,0,308,0,0,0,0,0,0,0,0,0,0,0,0,0,0,0,0,0,0,489,0,0,0,0,0,0,117,0,0,0,0,0,0,0,0,0,0,0,0,0,0,0,0,0,0,0,0,0,0,0,0,20922,39,0,0,0,0,0,0,0,0,862,0,0,0,0,0,0,0,0,0,0,0,0,0,0,101,210,0,886,0,106,0,0,125,0,0,0,0,0,0,1865,0,0,0,0,59,0,0,0,0,0,0,0,0,0,0,0,0,0,0,0,0,0,340,0,0,0,32,0,0,0,0,0,0,0,0,0,119,0,0,0,0,0,102,0,0,0,0,0,0,0,80,0,0,0,0,0,0,0,0,736,0,0,0,0,0,0,0,3,0,0,0,0,2629,0,0
neg,0,0,0,0,0,0,0,33,0,0,67,0,0,0,0,0,0,0,0,0,0,0,0,0,0,0,0,0,0,0,0,0,0,0,0,714,0,0,0,0,0,0,121,0,0,0,0,0,0,0,0,0,0,0,0,0,1290,0,0,0,0,0,0,0,0,0,0,0,0,0,0,0,0,0,0,0,0,0,0,0,0,0,0,0,0,0,0,0,0,0,0,0,0,0,0,0,0,91,0,0,0,0,0,0,0,0,0,0,71,515,0,0,0,0,0,0,0,0,0,0,0,0,88,0,0,0,0,0,0,0,0,0,0,0,0,0,0,0,0,0,0,0,0,0,0,0,0,0,0,0,0,0,0,0,0,0,536,0,0,0,0,0,0,0,0,7,0,0,13,0,0,0,0,0,0,0,0,0,0,0,0,0,0,0,0,0,0,0,0,0,0,0,0,0,0,0,0,0,0,0,0,0,0,0,0,0,0,0,0,0,0,0,0,0,0,0,0,511,0,63,0,0,0,0,0,0,0,376,0,0,0,0,0,0,0,0,0,0,0,0,0,0,0,0,0,0,0,0,0,0,0,0,729,0,0,0,0,0,670,0,0,0,0,97,0,0,0,0,0,0,0,0,0,0,0,0,0,0,0,0,0,0,0,0,0,0,0,0,0,0,0,0,0,0,0,359,0,719,51,0,0,0,0,0,0,0,0,0,0,0,0,0,0,0,0,79,0,0,0,0,0,0,0,0,0,0,0,0,0,120,0,0,0,0,0,336,0,0,0,0,0,0,0,594,734,0,0,0,0,0,18,0,827,0,0,0,0,0,0,0,0,0,0,0,0,190,0,0
neg,0,0,68,0,0,0,0,0,0,0,67,0,0,0,0,0,0,0,0,0,0,0,0,0,0,0,0,0,0,0,0,0,0,0,104,0,0,0,0,0,0,0,0,0,0,0,0,0,0,0,0,0,0,0,0,0,1342,0,0,0,0,0,0,0,0,0,0,0,0,0,0,0,0,0,49,0,0,0,0,0,0,0,0,0,0,0,0,0,0,0,0,0,0,0,0,0,0,0,0,0,0,0,0,0,0,0,0,0,55,1278,0,0,0,0,0,0,0,0,0,0,0,0,0,0,0,0,0,0,0,0,0,0,0,0,0,0,0,0,0,0,0,0,0,0,0,0,0,0,0,0,0,0,0,0,0,9,228,0,0,0,0,0,837,0,0,10,0,0,152,0,0,0,0,0,0,0,0,0,0,0,0,0,0,297,0,0,0,0,0,0,0,0,0,0,0,0,4,0,0,0,0,0,0,0,0,0,0,0,0,0,0,0,0,0,0,0,0,0,0,0,189,0,0,0,0,0,0,0,0,0,0,0,0,0,0,0,0,0,0,0,0,0,0,0,0,0,0,0,0,0,0,0,574,0,0,0,0,0,303,71,0,0,0,0,0,0,0,0,0,0,0,0,0,0,0,0,0,28,82,0,0,0,66,0,0,37,0,0,0,0,0,0,257,0,0,0,0,0,0,0,0,0,0,0,0,0,0,0,0,0,0,0,0,0,0,157,0,0,0,0,0,0,0,0,0,0,0,0,0,109,0,0,0,0,0,657,0,0,0,0,0,0,0,586,0,67,0,0,0,0,0,0,170,0,353,0,0,0,0,0,0,0,0,0,0,0,309,0
pos,0,0,0,0,0,0,0,0,0,0,0,0,0,0,0,0,0,0,0,0,0,0,0,0,0,0,0,0,0,0,0,0,0,0,0,0,0,0,0,0,0,0,0,0,747,0,0,868,0,0,0,0,0,0,0,0,18215,0,0,0,0,0,0,0,0,0,0,0,0,0,0,0,0,0,0,0,0,0,0,0,0,0,0,0,0,0,0,0,0,0,0,152,0,0,0,0,0,0,0,0,0,0,0,0,0,0,0,0,68,518,0,0,0,0,0,0,0,0,0,0,0,0,0,0,0,0,0,0,0,1858,0,0,0,0,0,0,0,0,0,0,0,0,0,2,0,0,0,0,0,0,0,0,0,0,0,29,0,0,0,0,140,0,486,0,0,486,0,0,3655,71,0,0,0,0,0,0,0,0,0,0,0,0,0,191,0,0,760,0,0,0,0,0,0,0,0,0,8,0,0,0,0,0,0,0,0,0,0,0,0,0,0,0,0,0,0,0,0,195,0,0,254,0,0,0,58,0,0,789,0,0,0,0,0,0,0,0,0,0,0,0,0,0,0,0,0,0,59,0,0,0,0,0,2070,0,0,0,0,0,0,0,0,0,0,0,0,0,0,0,0,0,0,0,0,0,0,0,0,0,0,0,0,0,0,0,0,0,0,0,0,0,127,219,672,0,0,0,0,0,0,0,0,0,0,0,0,0,0,554,0,0,0,0,0,0,0,251,0,0,10,0,0,0,0,0,0,0,0,0,2,224,0,0,0,0,0,917,0,543,0,0,0,4512,0,908,0,0,0,0,0,0,0,0,35,0,200,0,0,0,0,0,0,909,0,0,0,726,0,0
pos,0,0,0,0,0,0,0,0,0,0,1380,0,0,0,0,0,0,0,0,0,0,0,0,0,0,687,0,0,0,0,0,0,0,0,0,0,0,0,0,0,0,0,0,0,0,0,0,894,0,0,0,0,0,0,0,0,429,0,0,0,0,0,0,0,0,0,0,0,0,0,0,0,0,0,0,0,0,0,0,0,0,0,0,0,0,0,0,200,0,0,0,0,0,0,0,0,0,0,0,0,0,0,0,0,0,0,0,0,0,443,0,0,0,0,0,0,0,0,0,0,0,0,0,0,0,0,0,0,0,73,0,0,0,0,0,0,0,0,0,0,0,0,0,0,0,0,0,0,0,0,0,0,0,0,0,6,0,0,0,0,0,0,581,0,0,86,0,0,907,0,0,0,0,0,0,0,0,0,0,0,0,0,0,0,0,0,0,0,0,0,0,0,0,0,0,0,0,0,0,0,0,0,0,0,0,0,0,0,0,0,0,0,0,0,0,0,0,0,864,0,175,0,0,0,0,0,0,251,0,0,0,0,0,0,0,0,0,0,0,0,0,0,0,0,0,0,0,0,0,0,0,0,5161,3,0,0,0,0,48,0,0,0,0,0,0,0,0,0,0,0,0,0,0,0,0,0,0,64,177,0,0,0,0,0,0,126,0,0,0,0,0,0,416,0,0,0,0,0,0,0,0,0,0,0,0,0,0,0,0,0,0,0,0,0,0,81,0,0,0,0,0,0,0,0,0,0,10,0,0,124,0,0,0,0,0,139,0,0,0,0,0,0,137,192,0,0,0,0,0,0,0,0,969,0,0,0,0,0,0,0,0,0,0,0,0,426,0,0
pos,0,0,0,0,0,0,39,0,0,0,0,0,0,0,0,0,0,0,0,0,0,0,0,0,0,0,0,0,0,0,0,0,0,0,0,0,0,0,0,0,0,0,0,0,0,0,0,25,0,0,0,0,0,0,0,0,87,0,0,0,0,0,0,0,0,0,0,0,0,0,0,0,0,0,0,0,0,0,0,0,0,0,0,0,0,0,0,0,0,0,0,0,0,0,0,0,0,0,0,0,0,0,0,0,0,0,0,0,0,38,0,0,0,0,0,0,0,0,0,0,0,0,0,0,0,0,0,0,0,0,0,0,0,30,0,0,0,0,0,0,0,0,0,0,0,0,0,0,0,0,0,0,0,0,0,0,0,0,0,0,0,0,56,0,0,119252,0,0,212,0,0,0,0,0,0,0,0,0,0,0,0,0,0,0,0,0,0,0,0,0,0,0,0,0,0,0,0,0,0,0,0,0,0,0,0,0,0,0,0,0,0,0,0,0,0,0,0,0,0,0,26,0,0,0,0,0,0,0,0,0,0,0,0,0,0,0,0,0,0,0,0,0,0,0,0,0,0,0,0,0,0,0,1925,19,0,0,0,0,0,0,0,0,0,0,0,0,3,0,0,0,0,0,0,0,0,0,0,4,0,0,0,0,0,0,0,0,0,0,0,0,0,0,0,0,0,0,0,0,0,0,0,0,0,0,0,0,0,0,0,0,0,0,0,0,0,69,0,0,0,38,0,4,0,0,0,0,0,0,0,0,0,0,0,0,0,15,0,0,0,0,0,0,43,0,0,0,0,0,0,0,0,0,21,0,0,0,0,0,0,0,0,0,0,0,0,988,0,0
pos,0,0,0,0,0,0,0,0,0,0,89,0,0,0,0,0,0,0,0,0,0,0,0,0,0,0,0,0,0,0,0,0,0,0,0,0,0,0,0,0,0,0,0,0,0,0,0,0,0,0,0,0,0,0,0,0,156,0,0,0,0,0,0,0,0,0,0,0,0,0,0,0,0,0,0,0,0,0,0,0,0,0,0,0,0,0,0,0,0,0,0,0,0,0,0,0,0,0,0,0,0,0,0,0,0,0,0,0,0,0,0,0,0,0,0,0,0,0,0,0,0,0,0,0,0,0,0,0,0,20,0,0,0,26,0,0,0,0,0,0,0,0,0,0,0,0,0,0,0,0,0,0,0,0,0,0,0,0,0,0,0,0,40,0,0,0,0,0,46,0,0,35,0,0,0,0,0,0,0,0,0,0,0,0,0,0,0,0,0,0,0,0,0,0,0,0,0,0,0,0,0,0,0,0,0,0,0,0,0,0,0,0,0,0,0,0,0,0,35,0,129,0,0,0,0,0,0,0,0,0,0,0,0,0,0,0,0,0,0,0,0,0,0,0,0,0,0,0,0,0,0,0,191,0,0,0,0,0,0,0,0,0,0,102,0,0,0,0,0,0,0,0,0,0,0,0,0,0,0,0,0,0,0,0,0,0,0,0,0,0,0,0,74,0,0,0,0,0,0,0,0,0,0,0,0,0,0,0,0,0,0,0,0,0,21,0,0,0,0,0,0,0,0,0,0,0,0,0,0,0,0,0,0,0,0,0,0,0,0,0,0,14,0,102,0,25,0,0,0,0,0,0,11,0,0,0,0,0,0,0,0,0,0,0,0,67,0,0
neg,0,0,578,0,0,0,1362,35,20,0,684,0,0,0,0,0,0,0,0,0,0,0,0,0,0,0,0,0,0,98,0,0,0,0,0,0,0,0,0,0,0,0,0,0,0,0,0,0,0,0,0,144,0,0,0,85,6594,0,0,0,0,0,0,0,0,0,0,0,0,0,0,0,0,0,682,0,0,0,0,0,0,677,0,0,0,0,0,0,0,0,0,0,0,0,0,0,0,0,0,0,0,0,0,0,0,0,0,0,0,160,0,0,0,0,0,0,0,0,0,0,0,0,0,0,0,0,0,0,0,0,0,0,0,0,0,0,0,0,0,0,0,0,0,0,0,0,0,0,0,0,0,0,0,0,0,126,143,0,0,0,0,0,831,0,0,13,0,0,870,0,0,0,0,0,0,0,0,0,0,0,0,0,0,0,0,0,0,0,0,0,0,0,0,0,0,0,11,0,0,0,0,0,0,0,0,0,0,0,0,0,0,0,0,0,0,0,0,124,0,0,0,0,0,0,0,0,0,164,0,0,0,0,0,0,0,0,0,0,0,0,0,0,0,0,0,0,0,0,0,0,0,0,130,0,0,0,0,0,0,0,0,0,0,0,0,0,0,0,0,0,0,0,0,0,0,0,0,106,22,0,0,0,36,0,0,0,0,0,0,0,0,0,565,0,0,0,0,0,0,0,0,0,20,0,0,0,0,0,0,0,0,0,0,0,0,722,0,0,0,0,0,0,0,0,0,0,0,3,0,232,0,89,0,0,0,97,0,0,0,0,0,32,0,213,0,0,0,0,0,0,0,0,936,0,0,0,0,0,0,0,0,0,0,0,0,129,0,0
pos,0,0,0,0,0,0,165,0,0,0,418,0,0,0,0,0,0,0,0,0,0,0,0,0,0,0,0,0,0,0,0,0,0,0,0,0,0,0,0,0,0,79,141,0,0,0,0,34,0,0,0,0,0,0,0,0,428,0,0,0,0,0,0,0,0,0,0,0,0,0,0,0,0,0,0,0,0,0,0,0,0,0,0,0,15,0,0,0,0,0,0,0,0,0,0,0,0,0,0,0,0,0,0,0,0,0,0,0,0,89,0,0,0,0,0,0,0,0,0,99,0,0,0,0,0,0,0,92,0,108,0,0,0,79,0,0,0,0,0,0,0,0,0,0,0,0,0,0,0,0,0,0,0,0,0,0,0,0,0,0,0,0,6,0,0,0,0,0,87,0,0,0,0,0,0,0,0,0,0,0,0,0,0,0,0,0,0,0,0,0,0,0,0,0,0,0,0,0,0,0,0,0,0,0,0,0,0,0,0,0,0,0,0,0,0,0,0,0,0,0,215,0,0,0,0,0,0,0,0,0,0,0,0,0,0,0,0,0,0,0,0,0,0,0,0,0,0,0,0,0,0,0,2257,18,0,0,0,0,211,0,0,0,0,0,0,0,0,0,0,0,0,0,0,0,94,0,0,101,0,0,0,0,0,0,0,0,0,0,0,0,0,0,85,0,0,6,0,0,0,0,0,0,0,0,0,0,0,0,0,0,0,0,0,0,0,0,0,0,0,0,0,0,39,0,0,0,0,0,0,0,0,0,0,0,0,93,0,0,0,0,0,0,0,364,0,59,0,0,0,0,0,0,0,0,2,0,0,0,0,0,0,0,0,0,0,393,0,0
pos,0,0,0,0,0,0,953,0,0,0,1095,0,0,0,0,0,0,0,0,0,0,2,0,0,0,0,0,0,0,0,0,0,0,0,0,0,0,0,0,0,0,570,313,0,0,0,0,0,0,0,0,0,0,0,0,0,7702,0,0,0,0,0,0,0,0,0,0,0,0,0,0,0,0,0,0,0,266,0,0,0,0,0,0,0,0,0,0,0,0,0,0,1749,0,311,0,0,452,0,0,0,0,0,0,0,0,0,0,0,0,1562,0,73,0,0,513,0,0,0,0,0,0,0,0,0,353,0,138,22,0,34,55,0,0,74,0,0,0,0,0,0,0,0,0,0,0,0,0,2319,0,0,0,0,0,0,0,3,0,0,36,0,0,107,1045,0,2,19615,0,0,749,0,0,0,0,0,0,0,0,0,0,0,0,0,0,0,0,0,0,0,0,0,0,0,0,0,0,0,0,2,0,0,0,0,0,90,0,0,0,0,0,0,0,0,0,0,87,0,0,0,253,0,902,0,0,0,0,0,0,389,0,0,0,0,0,73,0,0,0,0,0,0,0,0,0,0,0,0,96,0,0,0,44,0,26855,603,0,0,0,0,63,0,0,0,0,78,0,0,0,0,0,0,0,0,0,0,0,0,0,0,66,0,0,0,0,83,0,0,0,0,0,0,0,0,212,0,0,0,0,560,0,0,0,0,672,0,0,0,0,0,0,0,0,0,0,0,0,45,0,0,871,98,0,0,0,1097,0,650,42,3,0,0,0,0,0,0,0,58,0,0,0,0,0,1151,0,920,0,191,0,0,0,0,0,0,4887,589,0,0,0,0,0,162,0,0,0,0,0,11623,0,0
neg,0,0,0,0,0,0,154,74,0,0,709,0,0,0,0,0,0,0,0,0,0,0,0,0,0,0,0,0,0,0,0,0,0,0,0,0,0,0,0,0,0,0,0,0,0,0,0,0,0,0,0,0,0,0,0,0,49173,0,0,0,0,0,0,0,0,0,0,0,0,0,0,0,0,0,0,0,0,0,0,0,0,0,0,0,0,0,0,0,0,0,0,0,0,0,0,0,0,0,0,0,0,6,0,0,0,0,0,0,0,37,0,100,0,0,0,0,0,0,0,0,0,0,0,0,0,0,0,0,0,0,0,0,0,0,0,0,0,0,0,0,0,0,0,0,0,0,0,0,233,0,0,0,0,0,0,0,0,0,0,0,0,0,1141,0,0,10,0,0,2273,0,0,0,0,0,0,0,0,0,0,0,0,0,0,55,0,0,0,0,0,0,0,0,0,0,0,0,0,0,0,3,0,0,0,0,0,0,0,0,0,0,0,0,0,0,404,0,0,199,0,0,198,0,0,0,230,0,0,34,0,0,0,0,0,69,0,0,0,0,0,0,0,0,0,0,0,0,531,0,0,0,0,0,1376,0,0,0,0,0,673,0,0,0,0,0,0,0,0,0,0,0,0,0,0,0,0,0,0,0,0,0,0,0,183,0,0,258,0,0,0,0,0,0,354,0,0,0,0,0,0,0,0,0,0,0,0,0,0,0,460,0,0,0,0,0,0,67,0,0,0,0,0,0,0,927,0,0,0,0,0,0,0,0,0,0,0,0,0,0,0,0,0,362,0,1039,0,669,0,0,0,0,0,0,1701,0,0,0,0,0,0,0,0,0,0,0,0,424,0,0
neg,0,0,0,0,0,0,0,0,0,0,144,0,0,0,0,0,0,0,0,0,0,0,0,0,0,0,0,0,0,0,0,0,0,0,0,0,0,0,0,0,331,0,0,0,0,0,0,0,0,0,0,0,0,0,0,0,426,0,0,0,0,0,0,0,0,0,0,0,0,0,0,0,0,0,0,0,0,0,27,0,0,0,0,0,0,0,0,0,0,0,0,45,0,0,0,0,0,0,0,0,0,0,0,0,0,0,0,0,0,295,0,0,0,0,0,0,0,0,0,0,0,0,0,0,0,0,0,0,0,450,0,0,0,0,0,0,0,0,0,0,0,0,0,0,0,0,0,0,0,0,0,0,0,0,5,0,0,0,0,0,0,0,10,0,0,0,0,0,0,0,0,0,0,0,0,0,0,0,0,0,0,0,0,0,0,0,0,0,0,0,0,0,0,0,0,0,0,0,0,0,0,0,0,0,0,0,0,0,0,0,0,0,0,0,0,0,0,0,0,0,0,0,0,0,0,0,0,0,0,0,0,0,0,0,0,0,0,0,0,0,0,0,0,0,0,0,0,0,0,0,0,0,693,60,0,0,0,0,0,0,0,0,0,0,0,0,0,0,0,0,0,0,0,0,0,0,0,0,0,0,0,0,0,0,0,0,0,0,0,0,0,0,185,0,0,0,0,0,0,0,0,0,0,0,0,0,0,0,0,0,0,0,0,0,0,0,0,0,0,15,0,0,0,0,0,0,0,0,0,109,0,0,0,0,0,0,0,0,0,0,0,76,0,106,0,0,0,0,0,0,0,0,281,0,254,0,0,0,0,0,0,0,0,0,0,476,0,0
pos,0,0,0,0,0,0,34,7,0,0,311,0,0,0,0,0,0,0,0,0,0,9,0,0,0,0,0,0,0,0,93,0,0,0,0,17,0,0,0,0,0,0,0,0,0,0,0,35,0,0,0,0,0,0,0,0,514,0,0,0,0,0,0,0,0,0,19,0,0,0,0,0,0,0,0,0,0,0,0,0,0,0,0,0,0,0,0,0,0,0,0,0,0,0,0,0,0,0,0,0,0,0,0,0,0,0,0,0,0,282,0,0,0,0,0,0,0,0,0,0,0,0,0,0,0,0,9,5,0,0,0,41,0,222,0,0,0,0,0,0,0,0,0,0,0,0,0,0,0,0,0,0,45,0,0,0,0,0,8,0,0,0,1404,0,0,51104,0,0,168,0,0,0,0,0,0,0,0,0,0,0,0,0,4,0,0,0,0,84,0,0,0,0,0,0,0,0,0,0,0,0,0,0,0,0,0,0,0,0,0,0,0,0,0,0,0,0,0,0,0,0,52,0,0,0,0,0,0,75,0,0,0,0,0,0,0,0,0,0,0,0,0,0,0,0,0,0,0,0,0,0,0,0,5291,61,0,0,0,0,134,0,0,0,0,145,0,0,0,0,0,0,0,0,0,0,0,0,0,235,0,0,0,0,0,0,0,0,0,0,0,0,0,0,217,0,0,0,0,0,0,0,0,0,0,3,0,0,0,0,0,0,0,0,0,0,0,11,0,0,0,19,0,0,0,0,0,0,0,0,0,36,0,0,0,0,0,0,0,0,23,0,0,0,12,174,0,0,0,0,0,0,0,0,0,0,0,0,0,0,0,0,0,0,0,0,0,3490,0,0
neg,0,0,84,0,0,0,0,0,0,0,182,0,0,0,0,0,0,0,0,0,0,0,0,0,0,0,0,0,0,0,0,0,0,0,0,0,0,0,0,0,0,0,0,0,0,0,0,0,0,0,0,0,0,0,0,0,4135,0,0,0,0,0,0,32,0,0,0,0,0,0,0,0,0,0,0,0,0,0,0,0,0,0,0,0,0,0,0,0,0,0,0,0,0,0,0,0,0,0,0,0,0,0,0,0,0,0,0,0,0,0,0,0,0,0,0,0,0,0,0,0,0,0,0,0,0,0,0,0,0,0,0,0,0,7,0,0,0,0,0,0,0,0,0,0,0,0,0,0,0,0,0,0,0,0,0,19,0,0,7,0,0,0,964,0,0,37,0,0,591,0,0,0,0,0,0,0,0,0,0,0,0,0,0,187,0,0,0,0,0,0,0,0,0,0,0,0,0,0,0,0,0,0,0,0,0,0,0,0,0,0,0,0,0,0,0,0,0,35,0,0,112,0,0,0,0,0,0,0,0,0,0,0,0,0,0,0,0,0,59,0,0,386,0,0,0,0,595,0,0,0,0,0,261,0,0,0,0,0,863,0,0,0,0,0,0,0,0,0,0,0,0,0,0,0,0,0,0,0,209,0,0,0,0,0,0,0,0,0,0,0,0,0,185,0,0,0,0,0,0,0,0,0,0,0,0,0,0,0,0,0,0,0,0,0,0,80,0,0,0,0,0,0,0,74,0,0,0,0,0,0,0,0,0,0,0,38,0,0,0,0,0,0,0,492,0,0,0,0,0,0,0,0,1874,0,0,0,0,0,0,0,0,0,0,0,0,17,0,0
pos,0,0,0,0,0,0,61,0,0,0,144,0,0,0,0,0,0,0,0,0,0,0,0,0,0,0,0,0,0,0,0,0,0,0,0,75,0,0,0,0,0,0,0,0,0,0,0,127,0,0,0,0,0,0,0,0,102,0,0,0,0,0,0,0,0,0,0,0,0,0,0,0,0,0,0,0,0,0,0,0,0,0,0,0,0,0,0,0,0,0,0,0,0,0,0,0,0,0,0,0,0,0,0,0,0,0,0,0,0,174,0,0,0,0,0,0,0,0,0,0,0,0,0,0,0,0,0,0,0,46,0,0,0,0,0,0,0,0,0,0,0,0,0,0,0,0,0,0,0,0,0,0,0,0,0,3,0,0,0,0,0,0,1182,0,0,0,2,0,119,0,0,0,0,0,0,0,0,13,0,0,0,0,0,0,0,0,0,0,0,0,0,0,0,0,0,0,0,0,0,0,0,0,0,0,0,0,0,0,0,0,0,24,0,0,0,0,0,0,0,0,0,0,0,0,0,0,0,14,0,0,0,0,0,0,0,0,0,0,0,0,0,0,0,0,0,0,0,0,0,0,0,0,591,0,0,0,0,0,41,0,0,0,0,42,0,0,0,0,0,0,0,0,0,0,0,0,0,0,10,0,0,0,5,0,0,0,0,0,0,0,0,0,96,0,0,0,0,0,92,0,0,0,89,0,0,0,0,0,0,0,0,0,0,0,0,0,0,0,0,0,0,0,0,0,0,0,0,0,0,38,0,0,0,0,0,35,0,0,0,0,0,0,0,134,0,0,0,0,0,0,0,0,200,0,0,0,0,0,0,0,0,0,0,0,0,136,0,0
neg,0,0,0,0,0,0,0,0,0,0,178,0,0,0,0,0,0,0,0,0,0,0,0,0,0,0,0,0,0,0,0,0,0,0,0,0,0,0,0,0,0,0,0,0,0,0,0,0,0,0,0,0,0,0,0,0,804,0,0,0,0,0,0,0,0,0,0,0,0,0,0,0,0,0,0,0,0,0,0,0,0,0,0,0,0,0,0,0,0,0,0,0,0,0,0,0,0,0,0,0,0,0,0,0,0,0,0,0,0,22,0,0,0,0,0,0,0,0,0,0,0,0,0,0,0,0,0,0,0,140,0,0,0,0,0,0,0,0,0,0,0,0,0,0,0,0,0,0,0,0,0,0,0,0,0,0,0,0,0,0,376,24,3198,0,0,12,0,0,314,0,0,0,0,0,0,0,0,0,0,0,0,0,0,0,0,0,0,0,0,0,0,0,0,0,0,0,0,0,0,0,0,0,0,0,0,0,0,0,0,0,0,0,0,0,0,0,0,0,0,0,76,0,0,0,0,0,0,136,0,0,0,0,0,0,0,0,0,0,0,0,0,0,0,0,0,0,0,0,0,0,0,0,118,0,0,0,0,0,0,0,0,0,0,0,0,0,0,0,0,0,0,0,0,0,0,0,0,0,0,0,0,8,86,0,0,0,0,0,0,0,0,0,0,0,0,32,0,0,0,0,0,0,0,0,0,0,0,0,0,0,0,0,0,0,0,94,0,0,0,228,0,0,0,0,0,0,0,0,0,0,0,0,0,0,0,0,0,0,0,0,0,228,0,478,480,0,0,0,0,0,0,0,242,0,274,0,0,0,0,0,0,0,48,0,0,292,0,0
pos,0,0,0,0,0,0,1918,454,0,0,3670,0,0,2136,0,0,0,0,0,0,0,0,0,0,0,0,0,0,0,0,0,0,0,0,0,0,0,0,0,0,0,0,886,0,0,0,0,0,0,0,0,0,0,0,0,0,1006,0,0,0,0,0,0,0,0,0,0,0,0,0,0,0,0,0,0,0,0,0,0,0,0,0,0,0,0,0,0,0,0,0,0,0,0,0,0,0,0,0,0,0,0,0,0,0,0,0,0,0,0,0,0,0,0,0,0,0,0,0,0,0,0,0,0,0,0,0,0,0,0,214,0,0,0,0,0,0,0,0,0,0,0,0,0,0,0,0,0,0,0,0,0,0,0,0,0,162,0,0,0,0,0,0,2756,0,0,44,0,0,2418,0,0,0,0,0,0,0,0,0,0,0,0,0,0,0,0,0,0,0,0,0,0,0,0,0,0,0,0,0,0,0,0,0,0,0,0,0,0,0,0,0,0,0,0,0,0,0,0,120,0,0,4,0,0,0,0,0,0,1602,0,0,0,0,0,1096,0,0,0,0,0,0,0,0,0,0,0,0,0,0,0,0,0,0,5636,0,0,0,0,0,3484,0,0,0,202,0,0,0,60,0,0,0,0,0,0,0,0,0,0,0,0,0,0,0,0,0,0,0,0,0,0,0,0,0,154,0,0,0,0,0,0,0,0,0,0,0,0,0,0,0,0,0,0,0,0,0,0,566,0,0,2262,658,0,0,0,0,0,0,0,0,0,0,0,0,0,0,0,240,0,1330,0,0,0,0,0,1832,0,0,0,0,1606,0,0,0,1392,0,0,0,0,0,0,0,0,0,0,0,0,618,0,0
neg,0,0,0,0,0,0,0,0,76,0,333,0,0,0,0,0,0,0,0,0,0,0,0,0,0,0,0,0,0,0,0,0,0,0,0,0,0,0,0,0,0,257,290,0,0,0,0,0,0,0,0,0,0,0,0,0,251,0,0,0,0,0,0,0,0,0,0,0,0,0,0,0,0,0,0,0,0,0,0,212,0,0,0,0,0,0,0,0,0,0,430,0,0,0,0,0,0,0,0,77,0,0,0,0,0,0,0,0,0,29,0,0,0,0,0,0,0,0,0,0,0,0,0,0,0,0,0,3,0,0,0,0,0,8,0,0,0,0,0,0,0,0,0,0,0,0,0,0,0,0,0,0,0,0,16,2,0,0,0,0,0,0,457,0,0,50,0,0,311,0,0,0,0,0,0,0,0,0,0,0,0,0,0,0,0,0,0,0,0,0,0,0,0,0,0,0,0,0,0,0,364,0,0,0,0,0,0,0,0,0,389,0,0,85,0,0,0,243,0,0,703,0,0,0,0,0,0,0,0,0,0,0,0,0,0,0,0,0,0,0,0,0,0,0,0,0,0,0,0,0,0,0,4747,188,0,38,0,0,702,0,0,0,0,0,0,0,0,0,0,0,392,0,0,0,0,0,0,72,0,0,0,0,0,0,0,0,0,0,0,0,0,0,1298,0,0,0,49,0,0,0,0,0,0,0,0,0,0,0,0,0,0,0,0,0,0,139,0,0,0,0,0,0,0,487,0,0,0,0,0,52,0,0,0,0,190,100,0,154,0,0,0,39,0,345,0,0,0,0,0,0,0,0,697,0,0,0,0,0,0,0,0,0,0,0,0,1168,0,0
pos,0,0,0,0,0,0,0,0,0,0,710,0,0,0,0,0,0,0,0,0,5,0,0,0,0,0,0,0,0,0,0,0,0,0,0,0,0,0,0,0,259,19,0,0,0,0,31,0,0,0,0,0,0,0,0,0,905,0,0,0,0,0,0,0,0,0,0,0,0,0,0,0,0,0,0,0,77,0,0,0,0,0,0,0,0,0,0,0,0,0,0,0,0,0,173,0,0,0,0,0,0,0,0,0,71,63,0,0,0,514,0,0,0,0,0,0,0,0,0,222,0,0,0,0,0,0,11,3,0,0,0,0,0,31,0,0,0,0,0,0,0,0,0,0,0,0,0,0,0,0,0,0,0,0,0,16,0,0,0,165,0,0,400,0,0,9043,0,0,267,0,0,0,0,0,322,0,0,0,0,0,0,0,0,0,0,0,0,0,0,0,52,0,0,0,0,0,8,0,0,0,0,0,0,0,0,0,0,0,0,0,0,0,0,0,0,0,0,67,0,0,2377,0,0,0,0,0,39,48,0,0,0,0,0,0,0,0,0,0,0,0,0,0,0,0,0,0,0,0,0,0,0,67,31889,415,0,0,0,0,470,0,0,0,0,0,0,0,0,0,0,0,0,0,0,0,0,0,0,0,29,0,0,0,28,0,0,0,0,0,0,0,0,0,536,0,0,29,0,239,0,0,0,0,0,0,0,0,0,0,0,0,0,0,0,0,0,75,0,0,31,16,0,0,0,86,0,0,0,0,0,0,0,0,0,0,0,99,0,0,0,0,0,0,0,439,0,0,0,0,0,0,0,0,16,27,0,0,0,0,0,0,0,0,0,0,0,3570,0,0
pos,0,0,0,0,0,0,614,0,0,0,2009,0,0,0,0,0,0,0,0,0,0,408,0,0,122,0,0,0,0,0,0,0,0,0,0,0,0,0,0,0,0,97,165,0,0,0,0,363,0,0,605,0,0,0,0,0,3573,0,0,0,0,0,0,0,0,0,0,0,0,0,0,0,0,0,0,0,592,0,0,0,0,0,0,0,0,0,0,0,0,0,0,0,0,0,0,0,0,0,0,0,0,0,0,0,0,0,0,0,0,1004,0,0,0,0,0,0,0,0,0,0,0,0,0,0,0,0,0,0,0,0,0,1301,0,13,0,0,0,0,0,0,0,0,0,0,0,0,0,0,0,0,0,0,0,0,1793,20,13,0,0,0,0,295,2753,0,0,0,0,0,414,0,0,0,0,0,0,0,0,0,0,0,0,0,0,0,0,0,0,0,0,0,0,0,0,0,0,0,4,0,0,0,0,0,0,0,0,0,0,0,0,0,0,0,0,0,0,0,0,371,0,0,278,0,0,0,0,0,0,107,0,0,0,0,0,0,0,0,0,0,0,0,0,0,0,0,0,0,0,0,0,0,0,0,792,0,0,0,0,0,87,0,0,0,0,0,2,0,0,0,0,0,0,0,0,0,655,0,0,0,0,146,0,0,419,0,0,0,0,0,0,58,0,0,1341,0,0,0,486,0,0,0,44,0,0,0,0,0,0,0,0,0,0,0,0,0,0,233,0,0,5,0,0,0,0,0,0,0,0,0,0,448,0,0,0,0,0,21,0,0,0,0,0,4203,0,2267,0,0,0,0,0,0,0,0,88,0,0,0,0,0,0,0,0,0,0,0,34,13,600,0
neg,0,0,0,0,0,0,0,0,0,0,309,0,0,0,0,0,0,0,0,0,0,229,0,0,0,0,0,0,0,0,0,0,0,0,0,0,0,0,0,0,247,0,272,0,0,0,0,0,0,0,0,0,0,0,0,0,688,0,0,0,0,0,0,0,0,0,0,0,0,0,0,0,0,0,0,113,0,68,0,0,0,0,0,0,0,0,0,0,0,215,0,0,286,141,0,0,0,0,0,0,0,0,0,0,0,0,0,0,0,97,0,123,0,0,0,0,239,0,0,0,0,0,0,0,0,0,0,0,0,0,0,0,0,153,0,0,0,0,0,0,0,0,0,0,0,0,0,0,0,0,0,0,0,0,0,0,0,0,0,0,0,0,755,0,0,0,0,0,0,0,0,0,0,0,0,0,0,0,0,0,0,0,0,19,0,0,0,0,0,0,0,0,0,0,0,0,0,0,0,0,0,0,0,0,0,0,0,0,0,0,0,0,0,0,0,0,0,0,0,0,0,0,0,0,0,118,91,132,0,0,0,0,0,0,0,0,0,0,0,0,0,0,0,0,0,0,0,0,0,0,0,0,213,32,0,0,0,0,722,0,199,0,0,0,0,0,0,0,0,0,0,0,0,0,0,0,0,166,0,0,0,0,0,0,0,5,0,0,0,0,0,0,558,0,0,0,0,0,0,0,0,0,0,0,0,0,0,0,0,0,0,0,0,0,125,0,0,0,0,0,0,0,0,306,0,0,0,0,0,32,0,40,0,0,0,166,0,0,0,0,0,0,259,441,0,0,0,0,0,0,0,0,315,76,0,0,0,0,0,0,0,0,0,0,0,83,0,0
pos,0,0,0,0,0,0,1177,0,0,0,2385,0,0,0,0,0,0,0,0,0,0,0,0,0,0,0,0,0,0,0,0,0,0,0,0,0,0,0,514,0,0,0,0,0,0,0,0,0,0,0,0,0,0,0,0,0,545,0,0,0,0,279,0,0,0,0,0,0,0,0,0,0,0,0,0,0,0,0,0,0,0,0,0,0,0,0,0,7,0,0,0,0,0,0,0,0,0,0,0,0,0,0,0,0,0,0,0,0,53,19,0,0,0,0,0,0,0,0,0,0,0,0,0,0,0,0,0,0,0,116,0,0,0,0,0,0,0,0,0,0,0,0,0,0,0,0,0,0,0,0,0,0,0,0,50,35,0,0,0,0,610,0,198,0,0,0,0,0,8,0,0,0,0,0,0,0,0,0,0,0,0,0,0,0,0,0,0,0,0,0,0,0,0,0,0,0,0,0,0,0,0,0,0,0,0,0,0,0,0,0,0,0,0,0,0,0,0,555,0,0,530,0,0,0,0,0,0,0,0,0,0,0,0,0,0,0,0,0,0,0,0,0,0,0,0,0,435,0,0,0,0,0,6311,0,0,0,0,0,368,0,0,0,0,0,373,0,0,0,0,0,0,0,0,399,0,0,0,328,0,0,0,0,0,0,0,0,0,0,0,0,0,0,802,0,0,8,0,0,0,0,0,0,0,0,0,0,0,0,0,0,0,0,0,0,0,34,0,0,0,0,0,0,0,49,0,0,0,9,0,0,0,0,0,0,0,14,0,0,0,0,0,0,0,112,0,0,0,0,0,0,0,0,550,0,0,0,0,0,0,0,0,0,0,0,0,379,0,0
pos,0,0,53,0,0,0,127,12,0,0,113,0,0,0,0,0,0,0,0,0,0,0,0,0,0,0,0,0,0,0,0,0,0,0,0,0,0,0,0,0,44,0,0,0,0,0,0,0,0,0,0,0,0,0,0,0,77,0,0,0,0,0,0,0,0,0,0,0,0,0,0,0,0,0,8,0,0,0,0,0,0,0,0,0,0,0,0,59,0,0,17,0,0,0,0,0,0,0,0,0,0,0,0,0,0,0,0,0,0,93,0,0,0,0,0,0,0,16,0,0,0,0,0,0,0,0,0,0,0,0,0,30,0,0,0,0,0,0,0,0,0,0,0,0,0,0,0,0,0,0,0,0,0,0,0,0,0,0,0,0,0,0,83,0,0,34072,0,0,11,0,0,0,0,0,0,0,0,0,0,0,0,0,0,0,0,0,0,0,0,0,0,0,0,0,0,0,0,0,0,0,0,0,0,0,0,0,0,0,0,0,0,0,0,0,0,0,0,0,4,15,41,0,0,0,0,0,0,0,0,0,0,0,0,0,0,0,0,0,0,0,0,0,0,0,0,0,0,0,0,0,0,0,1462,17,0,0,0,0,43,0,0,0,0,31,0,0,0,0,0,0,0,0,0,0,0,0,0,0,0,0,0,0,0,0,0,67,0,0,0,0,0,0,65,9,7,0,0,45,0,0,0,0,0,105,0,7,0,0,0,0,0,0,0,0,0,73,0,0,0,58,0,0,0,0,0,0,0,0,0,44,0,0,0,10,0,0,0,0,0,0,0,0,0,28,0,0,0,0,0,0,0,0,213,0,0,0,39,0,0,0,0,0,0,0,0,825,0,0
neg,0,0,0,0,0,0,0,0,0,0,0,0,0,0,0,0,0,0,0,0,0,0,0,0,0,0,0,0,0,0,0,0,0,0,0,0,0,0,0,0,0,0,0,0,0,0,0,272,0,0,0,0,0,0,0,0,1562,0,0,0,0,0,0,0,0,0,0,0,0,0,0,0,0,0,0,0,0,0,0,0,0,0,0,0,0,0,0,241,0,0,0,0,0,0,0,0,0,0,0,0,0,0,0,0,0,0,0,0,153,0,0,0,285,0,0,0,0,0,0,0,0,0,0,0,0,0,0,0,0,0,0,0,0,0,0,0,0,0,0,0,0,0,0,0,0,0,0,0,0,0,0,0,0,0,0,12,0,0,0,0,0,0,19,0,0,33,0,0,0,0,0,0,10,0,0,0,0,0,0,0,0,0,0,0,0,0,0,0,0,0,0,0,0,0,0,0,0,0,0,0,0,0,0,0,0,0,0,0,0,0,0,0,0,0,0,0,0,0,0,0,0,0,0,0,0,0,0,109,0,0,0,0,0,0,0,0,0,0,0,0,0,0,0,0,0,0,0,0,0,0,0,0,75,0,0,0,0,0,0,0,0,0,0,0,0,0,0,0,0,0,0,0,0,0,0,0,159,0,0,0,0,0,0,0,0,0,0,0,0,0,0,0,838,0,0,0,0,0,0,0,0,0,0,0,0,0,0,0,0,0,0,0,0,0,0,0,0,0,0,7,0,0,8,1336,0,0,0,0,0,0,0,0,0,0,0,164,0,516,0,0,0,0,0,278,0,0,0,0,0,0,0,0,300,0,0,0,0,0,0,0,0,0,0,0,0,332,0,0
pos,0,0,0,0,0,0,0,0,0,0,563,0,0,0,0,0,0,0,0,0,0,0,0,0,0,0,0,0,0,0,0,0,0,0,0,0,0,0,0,0,69,0,80,0,0,0,0,0,0,0,0,0,0,0,0,0,5870,0,0,0,0,0,0,0,0,0,0,0,0,0,0,0,0,0,0,0,0,0,0,0,0,0,0,0,0,0,0,0,0,0,0,0,0,0,0,0,0,0,0,0,0,0,0,0,0,0,0,0,43,362,0,0,0,0,0,0,0,0,0,0,0,0,0,0,0,0,0,0,0,0,0,0,0,0,0,0,0,0,0,0,0,0,0,0,0,0,0,0,0,0,0,0,0,0,0,28,0,0,0,0,0,0,1614,0,0,82,0,0,7,0,0,0,0,0,0,0,0,0,0,0,0,0,0,0,0,0,0,0,0,0,0,0,0,0,0,0,0,0,0,0,0,0,0,0,0,0,0,0,0,0,0,0,0,0,0,0,0,97,0,0,0,0,63,0,0,0,0,461,0,0,318,0,0,0,0,0,0,0,0,0,0,0,0,0,0,0,0,108,0,0,0,0,1312,0,0,0,0,0,680,0,0,0,123,0,0,0,0,0,0,0,0,0,0,0,0,0,0,0,0,0,0,0,203,0,0,25,0,0,0,0,0,0,953,0,0,661,0,0,0,0,0,0,0,0,0,0,0,0,0,0,0,0,0,0,0,109,0,0,0,0,138,0,125,0,0,0,0,0,0,0,0,0,0,0,0,126,0,0,0,0,0,625,0,415,0,0,0,0,0,0,0,0,1042,0,0,0,0,0,0,0,0,0,68,78,0,0,0,0
pos,0,0,652,0,0,0,0,0,0,0,642,0,0,276,0,0,0,0,0,0,0,60,0,0,0,0,0,0,0,0,0,0,0,0,0,73,0,0,0,0,0,0,119,0,0,0,0,0,0,0,0,0,0,0,0,17,327,0,0,0,0,0,0,0,0,0,0,0,0,0,43,0,0,0,0,0,0,0,0,0,0,0,0,0,0,0,0,0,0,0,0,0,0,0,0,0,0,0,0,514,0,0,0,0,0,0,0,0,0,24,0,111,0,0,0,0,0,0,0,0,0,0,0,0,0,0,0,0,0,0,0,0,0,0,0,0,0,0,498,0,0,0,0,0,0,0,0,0,0,0,0,57,0,0,0,86,0,0,0,0,0,151,809,0,0,1316,0,0,116,0,0,0,0,0,0,0,0,0,0,0,0,0,0,0,0,0,0,0,0,0,0,0,0,268,0,0,0,0,0,0,0,0,0,0,0,0,0,0,0,0,0,0,0,0,0,0,0,75,0,0,592,0,0,0,0,0,0,43,0,0,0,0,0,0,0,0,0,0,0,0,0,0,0,0,0,0,0,0,0,0,0,0,5879,0,0,0,0,0,39,0,0,0,0,0,0,0,0,0,0,0,0,0,0,0,0,0,0,0,0,0,0,0,0,0,0,0,0,0,0,0,0,0,710,0,0,0,0,0,0,0,0,0,0,0,0,0,0,0,0,0,0,0,0,0,0,538,0,0,0,0,0,0,0,0,0,0,0,0,0,0,0,0,0,0,0,565,0,0,0,0,0,0,0,600,0,45,0,0,0,0,0,0,42,0,0,0,0,0,0,0,0,0,0,0,0,1145,0,0
pos,0,0,0,0,0,125,143,36,0,0,1756,0,0,0,0,0,125,0,0,0,0,0,0,0,0,0,0,0,0,0,0,0,0,0,0,0,0,0,0,0,0,0,87,0,0,0,0,0,0,0,0,0,0,0,112,0,2236,0,0,0,0,0,0,0,0,0,0,0,84,0,0,0,0,0,0,0,457,0,0,0,0,0,0,0,0,0,0,0,0,0,0,0,0,0,0,0,0,0,0,0,0,0,0,0,0,0,0,0,0,1079,0,0,0,0,0,0,0,26,0,0,0,0,0,0,2,0,27,202,0,0,0,0,0,66,0,0,0,0,0,0,0,0,0,0,0,0,0,361,0,0,0,0,0,0,0,0,176,0,41,0,0,0,1117,0,2,63961,0,166,616,0,0,0,0,0,0,0,0,0,0,0,0,0,0,0,0,0,0,63,0,0,0,0,0,0,0,5,25,0,0,0,0,0,0,0,0,0,0,0,0,0,0,19,0,0,0,555,0,218,103,0,706,100,0,0,0,0,195,197,0,0,0,0,0,15,158,115,0,0,122,23,28,0,0,0,0,0,0,0,0,0,0,0,33888,1863,0,0,0,0,1075,0,0,0,495,0,0,0,417,0,0,0,0,0,0,0,0,0,92,0,0,0,0,0,0,0,0,0,0,0,0,0,0,0,712,0,0,0,0,83,0,0,0,0,0,0,0,0,0,0,0,0,0,0,0,0,0,131,0,0,0,131,0,0,0,471,0,0,0,0,0,81,0,24,0,0,0,0,0,0,0,320,0,90,0,477,0,395,0,0,0,0,0,0,1391,0,0,0,0,0,0,0,0,0,0,505,0,12898,0,0
neg,0,0,0,0,0,0,2189,0,0,0,2037,0,0,0,0,0,0,0,0,0,0,0,0,0,0,0,0,0,0,0,0,0,0,0,0,0,0,0,0,0,0,0,0,0,0,0,0,0,0,0,0,0,0,0,0,171,3578,0,0,0,0,0,0,0,0,0,0,0,0,0,0,0,0,0,0,0,129,0,0,0,0,0,0,0,0,0,0,0,0,0,0,0,0,0,0,0,0,0,0,0,0,0,0,0,0,0,0,0,0,277,0,0,0,0,0,0,0,0,0,0,0,0,0,0,0,0,0,0,0,0,0,0,0,0,0,0,0,0,0,0,0,0,0,2,0,0,0,0,0,0,0,0,0,0,0,32,0,0,0,0,0,0,2366,0,0,10,0,0,0,0,0,0,0,0,0,0,0,0,0,0,0,0,0,0,0,0,0,0,0,0,0,0,0,0,0,0,0,0,0,0,0,0,0,0,0,0,0,0,0,0,0,0,0,0,0,0,0,118,0,0,0,0,0,0,0,0,0,0,0,0,0,0,0,0,0,0,0,0,0,0,0,0,0,0,0,0,0,0,0,0,0,0,7,0,0,0,0,0,61,43,0,0,0,0,0,0,0,0,0,0,0,0,0,0,0,0,0,0,0,0,0,0,19,0,0,15,0,0,0,0,0,0,816,0,0,0,0,124,87,0,0,0,0,0,0,0,0,0,0,0,0,0,0,0,0,71,0,0,0,0,0,0,0,0,0,0,0,7,0,121,0,0,0,0,0,977,0,0,0,0,0,133,0,947,0,0,0,0,0,0,0,0,1018,0,0,0,0,0,0,0,733,0,0,0,0,20,0,0
neg,0,0,2,0,0,0,1235,0,0,0,2924,0,0,0,0,0,0,0,0,0,0,0,0,0,0,0,0,0,0,0,0,0,0,0,0,0,0,0,0,0,0,0,0,0,0,0,0,34,0,0,0,0,0,0,0,0,1781,0,0,0,0,0,0,0,0,0,0,0,0,0,0,0,0,0,0,365,0,0,0,0,0,0,0,0,0,0,0,0,0,791,0,13449,0,0,0,0,0,0,0,0,0,0,0,0,0,0,0,0,0,99,0,0,0,0,0,0,0,0,0,0,0,0,0,130,0,0,0,0,0,0,0,0,0,6,0,0,0,0,0,0,0,0,0,0,0,0,0,0,0,0,0,0,0,0,0,10,0,0,0,0,0,0,1220,0,0,46,0,0,28,0,0,0,0,0,0,0,606,0,0,0,0,0,0,0,0,0,0,0,0,0,0,0,0,0,0,0,0,0,0,0,0,0,0,0,0,0,0,0,0,0,0,0,0,533,0,0,0,0,0,9,521,0,0,0,0,0,0,123,0,0,0,0,0,0,0,0,0,0,0,0,0,0,0,0,0,0,0,932,0,0,0,0,6691,197,0,0,0,0,456,0,0,0,0,0,0,0,0,0,0,0,0,0,0,0,0,0,0,0,34,0,425,0,169,0,0,113,0,0,0,0,1043,596,567,0,0,0,0,0,66,0,0,0,0,0,0,0,51,0,0,67,0,0,0,0,0,35,0,2,0,555,0,0,0,0,0,0,0,0,0,118,0,0,0,0,0,0,0,0,0,0,0,87,307,657,0,5,0,0,0,0,0,0,541,0,0,0,0,0,0,0,0,0,0,165,0,2792,0,0
pos,0,0,0,0,0,0,113,0,0,0,252,0,0,0,0,0,0,0,23,0,0,0,0,0,0,0,56,0,36,0,0,0,0,0,0,0,0,0,0,0,0,0,0,0,0,0,0,88,0,0,0,0,0,0,0,53,497,0,0,0,0,0,0,0,0,0,0,77,0,0,0,0,0,0,0,166,0,0,0,0,0,0,0,0,0,0,0,2,0,0,7,0,0,76,0,0,0,0,0,0,0,0,0,0,0,0,0,0,0,265,0,0,0,0,0,0,0,2,0,0,0,0,0,0,0,0,0,0,0,0,0,0,0,99,0,0,0,0,0,0,0,0,112,0,0,0,0,0,0,0,0,0,0,0,0,0,0,0,0,0,0,0,502,0,0,108657,0,0,214,0,0,0,0,0,0,0,0,0,0,0,63,0,0,0,0,0,0,0,0,0,0,0,0,0,0,0,0,0,0,0,0,0,0,0,0,0,0,0,0,0,0,0,0,0,0,0,0,110,0,0,241,0,0,0,0,0,0,33,0,0,0,0,0,0,0,0,0,0,26,0,0,0,0,0,0,0,0,0,0,0,0,0,8892,49,0,0,0,0,206,0,0,94,0,0,0,0,0,0,0,0,0,0,0,0,0,0,0,0,10,0,0,0,0,0,0,0,0,0,0,0,0,0,265,0,0,0,41,0,0,0,0,0,0,0,0,0,0,0,0,0,0,0,0,105,0,51,0,0,0,56,0,0,0,29,0,0,0,0,0,0,0,0,0,0,0,0,0,0,0,0,0,381,0,492,0,0,0,153,0,0,0,0,139,0,0,0,0,0,0,0,0,0,0,0,0,2972,0,0
pos,0,297,101,0,0,0,366,0,0,0,1683,0,0,0,0,0,0,0,0,0,0,0,0,0,0,0,0,0,0,0,0,0,0,31,0,0,0,0,0,72,0,240,0,0,0,0,0,0,0,0,0,0,0,0,0,0,2251,0,0,0,0,0,0,0,0,0,0,535,2,0,0,0,216,0,0,206,0,0,0,0,0,0,0,0,0,0,0,0,0,0,0,57,0,0,0,0,0,0,0,0,215,0,0,0,0,0,0,0,0,233,0,0,0,0,0,0,0,0,303,0,0,0,0,0,221,0,0,65,0,0,0,0,0,436,0,0,0,0,0,0,0,0,0,0,0,0,0,0,0,0,0,0,0,0,0,17,0,0,6,0,0,0,3580,0,0,23140,103,0,13,0,0,0,0,0,0,0,0,0,0,0,0,0,0,0,0,0,0,0,0,0,0,0,0,0,0,0,0,2,0,0,0,0,0,0,0,0,0,0,0,0,0,0,0,0,0,0,0,0,0,0,2943,0,0,0,245,0,0,91,0,0,0,0,0,91,0,0,0,59,0,220,0,0,0,0,0,0,0,0,0,0,0,0,24338,141,0,0,0,0,0,0,0,0,0,52,0,0,0,0,0,46,0,0,0,0,0,0,0,239,81,143,0,0,0,0,0,0,0,0,0,0,0,0,1415,0,0,204,217,217,0,0,0,0,0,215,0,0,0,0,0,0,0,0,0,0,0,111,0,0,0,63,0,0,0,0,0,0,0,0,0,74,0,0,0,0,0,541,0,0,0,0,0,105,0,211,0,0,0,0,0,0,0,0,296,0,0,0,0,0,0,0,0,0,0,0,0,3438,0,0
pos,0,0,0,0,0,0,562,0,0,0,1236,0,0,0,0,0,0,0,0,0,0,0,0,0,0,0,0,0,0,0,0,0,0,0,0,0,0,0,0,0,0,0,238,0,0,0,0,0,0,0,0,0,0,0,0,0,11062,0,0,0,0,0,0,0,0,0,0,0,0,0,0,0,0,0,0,0,0,0,0,0,142,0,0,0,0,0,0,0,0,0,0,0,0,0,0,0,0,0,0,0,0,0,0,0,0,0,604,0,150,2674,0,0,0,0,0,0,0,0,0,0,0,0,0,0,0,0,0,0,0,0,0,0,0,0,0,0,0,0,0,0,0,0,0,0,0,0,0,0,0,0,0,0,0,0,0,54,0,0,0,0,0,0,2480,0,0,12,0,0,444,0,0,0,0,0,0,0,0,0,0,0,0,0,0,0,0,0,0,0,0,0,0,0,0,0,0,0,0,0,0,0,0,0,0,0,0,0,0,0,0,0,0,0,0,0,0,0,0,230,0,456,0,0,0,0,0,0,0,526,0,0,0,0,374,0,0,0,0,0,0,0,0,0,0,0,0,1284,0,0,0,0,0,0,3910,0,0,0,0,0,138,0,0,0,0,286,0,0,0,0,0,0,0,0,0,0,0,0,0,0,180,0,0,0,0,0,0,0,0,0,0,0,0,0,2560,0,0,0,0,0,0,0,0,0,0,0,0,0,0,0,0,0,0,0,0,0,0,1240,0,0,0,0,0,0,0,0,0,0,0,0,0,0,0,0,0,0,0,1336,0,0,0,0,0,0,0,262,0,0,0,0,0,0,0,0,932,0,0,0,0,0,0,0,0,0,0,0,0,18,0,0
pos,0,0,0,0,0,0,0,0,0,0,1801,0,0,101,0,0,0,0,0,0,0,0,0,0,0,0,0,0,0,0,0,0,0,76,0,324,0,0,0,0,0,417,0,0,0,0,0,3,0,0,0,0,0,0,0,0,820,0,0,0,0,0,0,0,0,0,0,0,0,0,0,0,0,0,0,0,0,0,0,0,0,0,0,0,0,0,0,22,0,0,0,0,0,0,0,0,0,0,0,0,0,0,0,0,0,0,181,0,82,129,0,541,0,0,0,0,0,0,0,0,0,0,0,0,0,0,0,121,0,0,0,0,0,13,0,0,0,0,0,0,0,0,0,0,0,0,0,0,0,0,0,0,0,0,0,44,0,0,0,259,0,0,399,0,0,5189,0,0,106,0,0,0,0,0,0,0,0,0,0,0,0,0,0,0,0,0,0,0,0,0,0,0,0,0,0,0,0,0,0,0,0,0,0,0,0,0,0,0,0,0,0,0,0,0,0,0,0,0,0,0,2387,0,0,0,420,0,0,369,0,0,0,0,0,55,0,0,0,80,0,0,0,0,0,0,0,0,0,0,0,0,0,0,23491,1479,0,0,0,0,392,0,380,0,124,347,0,0,0,0,0,0,0,0,0,0,0,0,0,0,22,0,0,0,16,0,0,0,0,0,0,0,0,0,944,0,0,0,0,0,0,0,0,0,0,0,0,0,0,0,0,0,0,0,0,0,0,60,0,0,13,0,0,0,0,2,0,0,0,0,0,0,0,0,0,0,0,431,0,0,0,0,0,0,0,801,0,0,0,0,0,0,0,0,224,0,0,0,0,0,30,0,0,0,0,0,0,6469,0,0
pos,0,0,0,0,0,0,0,0,0,0,2704,0,0,0,0,0,0,0,0,0,0,0,0,0,0,0,0,0,0,0,0,0,0,0,0,0,0,0,0,0,0,3,0,0,0,0,0,0,0,0,0,0,0,0,0,0,406,0,0,0,0,73,0,0,0,0,0,0,0,0,0,0,0,0,0,0,0,0,0,0,0,0,0,0,0,0,0,0,0,0,0,0,0,0,0,0,0,0,0,0,0,0,0,0,0,0,0,0,0,350,0,0,0,0,0,0,0,0,0,0,0,0,0,0,459,54,0,0,0,0,0,0,0,0,0,0,0,0,0,0,0,0,0,0,0,0,0,0,0,0,0,0,0,0,0,22,0,0,0,0,0,30,468,0,0,4150,0,0,1326,0,0,0,0,0,0,0,0,0,0,0,0,0,0,0,0,0,0,0,0,0,0,0,0,0,650,0,0,0,0,0,0,0,0,0,0,0,0,0,0,0,0,0,0,0,0,0,0,301,363,0,1542,0,0,0,134,0,0,70,0,0,0,0,0,0,0,0,0,0,0,0,0,0,0,0,0,0,0,0,0,0,0,0,31432,1330,0,0,0,0,578,0,0,0,0,68,0,0,0,0,0,0,0,0,0,0,0,0,0,0,15,0,0,0,0,0,0,23,0,0,0,0,0,0,2339,0,0,0,0,0,0,0,0,0,0,0,0,0,0,0,457,0,0,0,0,0,0,279,0,0,0,30,0,0,0,60,0,0,0,0,0,0,0,0,0,0,0,264,0,15,0,0,0,465,0,193,0,0,0,0,0,0,0,20,0,0,0,0,0,0,0,0,0,0,0,0,0,4791,0,0
pos,0,0,0,0,0,0,6,0,0,0,2193,0,0,0,0,0,0,0,0,0,0,0,0,0,0,0,0,0,0,0,0,0,0,0,0,0,0,0,0,0,0,0,39,0,0,0,0,0,0,0,0,0,0,0,0,0,496,0,0,0,0,0,0,0,0,0,0,0,0,0,0,0,0,0,0,0,0,0,0,0,0,0,0,0,0,0,0,0,0,0,0,0,0,0,0,0,0,0,85,0,0,0,0,0,0,0,0,0,0,665,0,0,0,0,0,0,0,0,0,0,0,0,0,0,748,0,0,83,0,423,0,160,0,25,0,0,0,0,0,0,0,0,0,0,0,0,0,0,0,0,0,205,0,0,0,6,0,0,0,0,2,0,110,0,0,14986,257,0,20,0,0,0,0,0,0,0,0,0,0,0,0,0,0,0,0,0,0,0,0,0,0,0,0,0,0,0,0,0,0,0,0,0,0,0,0,0,0,0,0,0,0,0,0,0,0,0,0,0,0,0,3105,0,0,0,0,0,0,0,0,0,0,0,0,0,0,0,0,0,0,0,0,0,0,0,0,0,0,0,0,0,0,0,30555,1232,0,0,0,0,304,0,0,0,0,439,0,0,0,0,0,0,0,0,0,0,0,0,0,0,0,0,6,0,0,0,0,0,0,0,0,0,0,0,472,0,0,10,0,258,0,0,0,0,0,0,0,0,0,0,0,0,0,0,0,0,0,21,0,0,0,245,0,0,0,0,0,0,0,0,0,0,56,0,0,0,0,408,0,0,0,0,0,346,0,473,0,60,0,0,0,0,0,0,41,0,0,0,0,0,0,0,0,0,0,0,0,7966,0,0
pos,0,0,0,0,0,0,0,0,0,0,0,0,0,0,0,0,0,0,0,0,0,0,0,0,0,0,0,0,0,0,0,0,0,0,0,0,0,0,0,0,21,0,0,0,0,0,0,32,0,0,0,0,0,0,0,0,146,0,0,0,0,0,0,0,0,0,0,0,0,0,0,0,0,0,26,61,0,0,0,0,0,0,0,0,0,0,0,0,0,0,0,0,0,0,0,0,0,0,0,0,0,0,0,0,0,0,0,0,0,165,0,0,0,0,0,0,0,0,0,0,0,0,0,0,4,0,18,0,0,0,0,0,0,52,0,0,0,0,0,0,0,0,0,0,0,0,0,85,0,0,0,0,0,0,0,0,0,0,18,0,0,0,150,0,0,263863,0,0,72,0,0,0,0,0,0,0,0,0,0,0,0,0,0,0,0,0,0,0,0,0,0,0,0,0,0,0,0,0,0,0,0,0,0,0,0,0,0,0,0,0,0,0,0,0,0,0,0,0,0,0,143,0,0,0,0,0,0,61,0,0,0,0,0,0,0,0,0,0,0,0,0,0,0,0,0,0,0,0,0,0,0,0,6577,111,0,0,0,0,0,0,0,0,0,0,0,0,0,0,0,0,0,0,0,0,0,0,0,0,0,0,0,0,0,0,0,0,0,0,0,0,0,0,0,0,0,0,0,0,0,0,0,0,0,0,0,0,0,0,0,0,0,0,0,0,0,65,0,0,0,78,0,0,0,0,0,0,0,0,0,0,0,0,0,0,0,6,0,0,0,0,0,33,0,173,0,0,0,0,0,0,0,0,207,0,0,0,0,0,0,0,0,0,0,0,0,3332,0,0
pos,0,0,0,0,0,0,8,0,0,0,375,0,0,0,0,382,0,0,0,0,0,0,0,0,0,0,46,0,0,0,0,0,0,0,0,0,0,0,0,0,86,0,72,0,0,0,0,0,0,0,0,0,0,0,0,0,667,0,0,0,0,0,0,0,0,0,0,0,0,0,0,0,0,0,0,0,0,0,0,0,0,0,0,0,376,0,0,0,0,0,0,0,0,0,0,0,0,0,0,0,0,0,0,0,0,0,0,0,0,212,0,61,0,0,0,0,308,0,0,0,0,0,0,0,0,0,0,0,0,0,0,0,0,5,0,0,0,0,0,0,0,0,0,0,0,0,0,0,0,0,0,0,0,0,0,0,45,0,6,0,0,0,870,0,0,89,0,0,0,0,0,0,0,0,0,0,0,0,0,0,0,0,0,0,0,0,0,0,0,0,0,0,0,0,0,0,0,0,0,0,0,0,0,0,0,0,0,0,0,0,0,0,0,0,0,0,0,30,0,0,195,0,0,0,0,0,0,214,0,0,0,0,0,0,0,0,0,0,0,0,0,0,0,0,0,0,84,0,0,0,0,0,2181,0,0,0,0,0,0,0,0,0,27,0,0,0,0,0,0,0,0,0,0,0,0,0,0,0,41,0,0,0,23,0,0,0,0,0,0,0,0,0,987,0,0,82,0,104,0,0,0,0,0,0,0,0,0,0,0,0,0,0,0,0,0,0,0,0,0,0,0,0,0,176,0,0,0,7,0,0,0,16,0,0,0,57,0,0,0,0,0,0,0,204,0,0,0,0,0,0,0,0,347,0,0,0,0,0,0,0,0,0,65,0,0,56,0,0
pos,0,0,0,0,0,0,0,0,0,0,62,198,0,0,0,0,0,0,0,0,0,0,0,0,0,0,0,0,0,0,0,0,0,0,0,0,0,0,0,0,1684,0,0,0,0,0,0,54,0,0,0,0,0,2,0,0,8227,0,0,0,0,716,0,0,0,0,0,0,0,0,0,0,0,0,0,0,0,0,0,0,0,0,0,0,0,0,0,1659,0,0,0,0,0,0,0,0,0,0,0,184,0,0,0,0,0,0,0,0,0,465,0,0,0,0,0,0,0,0,0,0,0,0,0,0,0,0,0,0,0,316,0,0,0,0,20,2,22,0,0,0,0,0,0,0,0,0,0,0,0,0,0,0,0,0,0,21,529,793,0,0,0,0,1555,0,0,0,0,0,1101,0,0,0,0,0,765,0,0,0,0,0,0,0,0,767,0,0,0,0,0,0,0,0,0,0,0,0,0,0,0,0,0,0,0,0,0,0,0,0,0,0,0,0,0,0,0,0,0,0,0,0,182,0,0,0,0,0,0,224,0,0,0,0,0,0,0,0,0,0,0,0,0,0,0,0,0,0,0,0,0,0,0,0,343,0,0,0,0,0,0,0,0,0,0,0,0,0,0,0,0,0,0,0,0,0,0,0,0,0,0,0,0,0,0,0,0,0,0,0,0,0,0,0,1864,0,0,0,0,749,0,0,0,0,0,0,0,0,0,0,0,0,0,0,591,0,0,0,0,0,1288,0,11,0,0,0,0,0,0,0,0,96,0,141,0,657,660,196,0,0,0,0,0,0,0,382,0,0,0,0,0,0,0,0,2563,0,0,0,0,0,0,0,0,0,0,0,0,210,0,0
neg,0,0,0,0,0,0,27,0,0,0,652,0,0,0,0,0,0,0,0,0,0,0,0,0,0,0,0,0,0,0,0,0,0,0,0,0,0,0,0,0,0,0,0,0,0,0,0,0,0,0,0,0,0,0,0,0,540,0,0,0,0,0,0,0,0,0,0,0,0,0,0,0,0,0,0,617,0,0,0,0,0,0,0,0,0,0,0,0,0,0,1028,0,0,0,17,0,0,0,0,0,0,0,0,0,0,0,0,0,0,0,0,0,0,0,0,0,0,0,0,0,0,0,0,0,0,0,0,0,0,0,0,0,0,10,0,0,0,0,0,0,0,0,0,0,0,0,0,0,0,0,0,0,0,0,0,3,0,0,0,0,0,0,488,0,0,0,0,0,0,0,0,0,0,0,0,0,0,0,0,0,0,0,0,0,0,0,68,0,0,0,0,0,0,0,0,0,0,0,0,0,0,0,0,0,0,0,0,0,0,0,0,0,0,0,0,0,0,0,0,0,0,0,0,0,0,0,0,0,0,0,0,0,0,0,0,0,0,0,0,0,0,0,0,0,0,0,0,0,0,0,0,0,0,0,0,0,0,0,0,0,0,0,0,0,0,0,0,0,0,0,0,0,0,0,0,0,0,0,0,0,0,0,25,0,0,0,0,0,0,0,0,0,0,0,0,0,0,0,0,0,0,0,0,0,0,0,0,0,0,0,8,0,0,0,0,196,0,0,0,0,0,0,0,0,0,0,0,0,0,0,0,0,0,0,0,0,0,0,0,0,0,0,0,379,0,0,0,0,26,0,0,0,443,0,0,0,0,0,0,0,0,0,0,0,0,118,0,0
neg,0,0,0,0,0,0,0,0,0,0,0,0,0,0,0,0,0,0,0,0,0,0,0,0,0,0,0,0,0,0,0,0,0,0,0,0,0,0,0,0,0,0,207,0,0,0,0,0,0,0,0,0,0,0,0,0,857,0,0,0,0,0,0,0,0,0,0,0,0,0,0,0,0,0,0,0,0,30,0,0,0,0,0,0,0,0,0,0,0,0,0,0,0,46,0,0,0,0,0,0,0,0,0,0,0,0,0,0,0,9,0,0,0,0,0,0,0,0,0,0,0,0,0,0,0,0,0,0,0,0,0,0,0,0,0,0,0,0,0,0,0,0,0,0,0,0,0,0,0,0,0,0,0,0,11,0,0,0,0,0,0,0,241,0,0,0,0,0,62,0,0,0,0,0,0,0,0,0,0,0,0,0,0,94,0,0,0,0,0,0,0,0,0,0,0,0,0,0,0,0,0,0,0,0,0,0,0,0,0,0,0,0,0,0,0,0,0,0,0,0,77,0,0,0,0,0,0,4,0,0,0,0,0,0,0,0,0,0,0,0,0,0,73,0,0,0,0,0,0,0,0,0,53,0,0,0,0,0,0,0,0,0,0,0,0,0,0,0,0,0,0,0,0,0,0,0,0,94,0,0,0,0,0,0,0,0,0,0,0,0,0,0,0,0,0,0,0,94,0,0,0,0,0,0,0,0,0,0,0,0,0,0,0,0,0,7,0,0,0,0,0,0,0,0,0,0,0,0,0,13,0,0,0,0,0,115,0,0,0,0,8,0,0,12,0,0,70,31,0,0,0,0,41,0,0,0,0,0,0,0,0,0,0,0,0,0,0,111
neg,0,0,0,0,0,0,53,0,0,0,0,0,0,0,0,0,0,0,0,0,0,0,0,0,0,0,0,0,0,0,0,0,0,0,0,0,0,0,0,0,0,0,0,0,0,0,0,0,0,0,0,0,0,0,0,0,348,0,0,0,0,0,0,0,0,0,0,0,0,0,0,0,0,0,0,0,0,0,0,0,0,0,0,0,0,0,0,0,0,0,0,0,0,0,0,0,0,0,0,0,0,0,0,0,0,0,0,0,0,0,0,0,0,0,0,0,0,0,0,0,0,0,0,0,0,0,0,0,0,155,0,0,0,0,0,0,0,0,0,0,0,0,0,0,0,0,0,0,0,0,0,0,0,0,0,0,0,0,0,0,0,0,0,0,0,0,0,0,262,0,0,0,0,0,0,0,0,0,0,0,0,0,0,0,0,0,0,9,0,0,0,0,0,0,0,0,0,0,0,0,0,0,0,0,0,0,0,0,0,0,0,0,0,0,0,0,0,120,0,0,0,0,0,0,0,0,0,0,0,0,0,0,0,0,0,0,0,0,0,0,0,0,0,0,0,0,0,0,0,0,0,0,0,0,0,0,0,0,17,0,0,0,0,0,0,0,0,0,0,0,0,0,0,0,0,0,0,3,0,0,0,0,0,0,0,0,0,0,0,0,0,0,0,0,0,0,0,0,0,0,0,56,0,0,0,0,0,0,0,0,0,0,0,0,0,10,0,0,13,0,0,0,0,0,0,0,0,0,0,0,0,0,0,0,37,19,0,0,0,0,0,0,0,211,0,0,0,0,0,0,0,0,191,0,0,0,0,0,0,0,0,0,0,0,0,0,0,0
pos,0,0,0,0,0,0,0,0,0,0,0,0,0,0,0,0,0,0,0,0,0,0,0,0,0,0,0,0,0,0,0,0,0,0,0,0,0,0,0,0,0,0,0,0,0,0,0,0,0,0,0,0,0,0,0,0,38,0,0,0,0,0,0,0,84,0,0,0,0,0,0,0,0,0,0,0,0,0,0,0,0,0,0,0,0,0,0,0,0,0,0,0,0,0,0,0,0,0,0,0,0,0,0,0,0,0,0,0,0,0,0,0,0,0,0,0,0,0,0,0,0,0,0,0,0,0,0,0,0,31,0,0,0,8,0,0,0,0,0,0,0,0,0,0,0,0,0,0,0,0,0,0,0,0,0,0,0,0,0,0,0,0,0,0,0,0,0,0,7,0,0,0,0,0,0,0,0,0,0,0,0,0,0,0,0,0,0,0,0,0,0,0,0,0,0,0,0,0,0,0,0,0,0,0,0,0,0,0,0,0,0,0,0,0,0,0,0,0,0,0,29,0,0,0,0,0,0,0,0,0,0,0,0,0,0,0,0,0,0,0,0,0,0,0,0,0,0,0,0,0,0,0,302,0,0,0,0,0,0,0,0,0,0,0,0,0,0,0,0,0,0,0,0,0,0,0,0,0,0,65,0,0,0,0,0,0,0,0,0,0,0,0,0,0,0,0,0,0,0,0,0,31,0,0,0,0,0,0,0,0,0,0,0,0,0,33,0,0,0,21,0,0,0,0,0,0,0,0,0,0,0,0,0,0,0,0,0,0,0,0,0,0,0,0,0,0,0,0,0,0,0,0,30,0,0,0,0,0,0,0,0,0,0,0,0,60,0,0
pos,0,0,0,0,0,0,45,0,0,0,155,0,0,0,0,0,0,0,0,0,0,0,0,0,0,0,0,0,0,0,0,0,0,0,0,0,0,0,0,0,0,6,0,0,0,0,0,0,0,0,0,0,0,0,0,0,0,0,0,0,0,0,0,0,0,0,0,0,0,0,0,108,0,0,0,0,0,0,0,0,0,0,0,0,0,0,0,0,0,0,0,0,0,0,0,0,0,0,0,0,0,0,0,0,0,0,0,0,0,69,0,0,0,0,0,0,0,0,0,0,0,0,0,0,0,0,0,0,0,164,0,0,0,0,0,0,0,0,0,0,0,0,0,0,0,0,0,0,0,0,0,0,0,0,0,6,0,0,0,0,0,0,433,0,0,0,0,0,89,0,0,0,0,0,0,0,0,0,0,0,0,0,0,0,0,0,0,0,0,0,0,0,0,0,0,0,3,0,0,0,0,0,0,0,0,0,0,10,0,0,0,0,0,0,0,0,0,0,0,0,0,0,0,11,0,0,0,0,0,0,0,0,0,0,0,0,0,0,0,0,0,0,0,0,0,0,0,0,0,0,0,0,0,0,0,0,0,0,0,0,0,0,0,0,0,0,0,0,0,0,0,0,0,0,0,0,0,0,0,0,0,6,0,0,0,0,0,0,0,0,0,0,90,0,0,80,0,72,0,0,0,0,0,0,0,0,0,0,0,0,0,0,0,0,0,28,0,0,20,0,0,0,0,0,0,0,0,0,0,0,0,0,0,0,0,0,0,0,0,0,0,0,0,130,0,0,0,0,0,0,0,0,101,0,0,0,0,0,0,0,0,0,0,0,0,0,0,0
pos,0,0,0,0,0,0,0,0,0,0,771,0,0,0,0,0,0,0,0,0,0,67,0,0,0,0,0,0,0,0,0,0,0,0,0,0,0,0,0,0,0,0,0,0,0,0,0,0,0,0,0,0,0,0,0,0,111,0,0,0,0,0,0,0,0,0,0,0,0,0,0,0,0,0,771,0,0,0,0,0,0,0,0,0,0,0,0,0,0,0,0,0,0,0,0,0,0,0,0,0,0,0,0,0,0,0,0,0,0,988,0,0,0,0,0,0,0,0,0,0,0,0,0,0,0,0,0,6,0,0,0,0,0,0,0,0,0,0,0,0,0,0,0,0,0,0,0,0,0,0,0,0,0,0,0,0,0,0,0,0,0,0,1810,0,0,0,0,0,0,0,89,0,0,0,0,0,0,0,0,0,0,0,0,163,0,0,0,0,0,0,0,0,0,0,0,0,0,0,0,0,0,0,0,0,0,0,0,0,0,0,0,0,0,0,0,0,0,0,577,0,0,0,0,0,0,0,0,565,0,0,0,0,0,0,0,0,0,0,0,0,0,0,0,0,0,0,0,0,0,0,0,0,1180,6,0,0,0,11,0,0,0,0,930,0,0,0,0,0,0,0,0,0,0,0,0,0,0,0,0,0,0,0,0,0,0,0,0,0,0,0,0,0,394,0,0,0,0,436,0,0,0,0,0,0,0,0,0,0,0,0,0,0,0,0,0,300,0,0,116,0,0,0,0,0,0,0,0,0,0,0,0,0,0,0,0,0,0,0,0,0,0,83,0,976,0,0,0,0,0,0,0,0,1520,0,0,0,0,0,0,0,0,0,0,0,0,0,0,0
pos,0,0,0,0,0,0,0,0,0,0,230,0,0,0,174,0,0,0,0,0,0,0,0,0,0,0,0,0,0,0,0,0,0,0,0,0,0,0,0,0,0,0,0,0,0,0,0,0,0,0,0,0,0,0,0,0,348,0,0,0,0,0,0,0,0,0,0,0,0,0,0,0,0,0,0,0,0,0,0,0,0,0,0,0,0,0,0,0,0,0,0,115,0,0,0,0,0,0,0,0,0,0,0,0,0,0,0,0,0,462,0,0,0,0,0,0,0,0,0,0,0,0,0,0,0,0,30,141,0,218,0,0,0,18,0,0,0,0,0,0,0,0,0,0,0,0,0,0,0,0,0,0,0,0,0,9,0,0,13,0,0,0,0,0,0,60,0,0,215,0,0,0,0,0,0,0,0,0,0,0,0,0,0,0,0,0,0,0,0,0,0,0,0,0,0,0,0,0,0,41,0,0,0,0,0,0,0,0,0,0,0,0,0,0,0,0,0,0,0,0,1029,0,0,0,0,0,0,9,0,0,0,0,0,0,0,0,0,0,0,0,0,0,0,0,0,0,0,0,0,0,0,0,10282,375,0,0,0,0,0,0,0,0,0,0,0,0,0,0,0,0,0,0,0,0,0,0,0,0,0,0,0,0,0,0,0,0,0,0,0,0,0,0,434,0,0,0,0,0,0,0,0,0,0,0,0,0,0,0,0,0,0,0,0,0,0,101,0,0,0,25,0,0,0,73,0,0,0,0,0,0,0,0,0,0,0,0,0,0,0,0,0,0,0,136,0,0,0,0,0,0,0,0,11,0,0,0,0,0,0,0,0,0,0,0,0,2453,0,0
neg,0,0,0,86,0,0,0,0,0,0,104,0,0,0,0,0,446,115,0,0,0,383,0,0,0,0,0,0,0,0,0,0,310,0,0,0,0,0,0,0,0,0,90,0,0,0,0,0,0,0,0,0,0,0,0,0,3092,0,0,0,0,0,0,0,0,0,0,0,0,0,0,0,0,0,0,0,0,0,0,0,330,0,0,0,0,0,0,0,0,0,0,0,0,0,0,0,0,0,0,0,0,0,0,0,0,0,0,0,0,569,0,0,0,0,0,0,0,0,0,0,0,0,0,0,0,0,0,0,0,0,0,0,0,0,0,0,0,0,0,0,0,0,0,0,0,0,0,0,0,0,0,0,0,0,0,12,0,0,0,0,61,0,4620,0,0,0,0,0,144,0,0,0,0,0,0,0,0,0,0,0,0,0,0,0,0,0,0,0,0,0,0,0,0,0,0,0,0,0,0,0,0,0,133,0,0,0,0,0,27,0,0,0,0,0,0,0,0,75,0,0,0,0,0,0,0,0,91,130,0,0,0,0,0,76,0,0,0,0,0,0,0,0,0,0,0,0,0,0,0,0,0,0,263,279,0,0,117,0,64,0,0,0,0,230,0,0,0,0,0,0,0,0,0,0,22,0,0,73,0,0,0,0,0,0,0,0,0,0,268,0,0,0,0,0,0,0,0,319,0,0,0,0,0,0,0,0,0,0,0,0,0,0,0,0,370,50,0,0,0,0,0,0,0,199,0,0,0,232,0,0,0,0,0,0,0,427,0,208,289,0,0,387,0,92,0,674,0,0,0,0,0,0,1925,0,0,0,0,0,0,0,0,0,0,0,0,195,0,0
neg,0,0,0,0,0,0,73,0,0,0,649,0,0,0,0,0,0,0,0,0,0,368,0,0,0,0,0,0,0,0,0,0,0,0,0,0,0,0,0,0,0,0,0,0,0,0,0,0,0,0,0,0,0,0,0,0,7692,0,37,39,0,0,0,0,0,0,0,0,0,0,0,0,0,0,564,0,0,0,0,0,0,0,0,0,0,0,523,0,0,0,0,193,0,0,0,0,0,0,0,0,0,0,41,0,0,0,0,0,0,371,0,0,0,0,0,0,0,0,0,0,0,0,0,0,0,0,0,0,0,0,0,0,0,0,0,0,0,0,0,0,0,0,0,0,0,0,0,0,0,0,0,28,0,0,0,27,443,0,0,0,0,342,1115,0,0,0,0,0,1590,0,0,0,0,0,0,0,0,0,0,0,0,0,0,0,0,0,0,0,0,0,0,0,0,0,0,0,10,0,669,1575,0,0,0,0,0,0,0,0,0,467,0,0,0,0,0,0,0,98,0,0,217,0,0,0,0,0,0,126,0,0,0,0,0,0,0,0,0,0,0,0,0,0,0,0,0,0,0,0,0,0,0,0,518,0,0,0,0,0,0,0,0,0,0,0,0,0,0,0,0,0,0,0,0,0,477,0,0,0,0,0,0,0,0,0,0,0,35,0,0,0,0,0,386,0,0,0,0,1083,0,0,0,0,0,0,0,0,0,0,0,0,0,85,0,0,0,227,0,0,0,0,0,0,60,0,0,0,0,0,0,152,0,0,0,0,0,51,0,0,0,0,0,0,0,66,0,488,331,0,0,0,0,0,4,0,0,0,0,0,0,0,0,0,0,0,0,5,0,0
pos,0,0,0,0,0,0,0,0,0,0,30,0,0,0,0,0,0,0,0,0,0,0,0,0,0,0,0,0,0,0,0,0,0,0,0,0,0,0,0,0,0,0,0,0,0,0,0,0,0,0,0,0,0,0,0,0,80,7,0,0,0,0,0,0,0,0,0,0,0,0,0,0,0,0,0,0,0,0,0,0,0,0,0,0,0,0,0,0,0,0,0,0,0,0,0,0,0,0,0,0,0,0,0,0,0,0,0,0,0,0,0,0,0,0,0,0,0,0,0,0,0,0,0,0,0,0,0,0,0,10,0,0,0,0,0,0,0,0,0,0,0,0,0,0,0,0,0,0,0,0,0,0,0,0,0,0,0,0,0,0,0,0,0,0,0,0,0,0,10,0,0,0,0,0,0,0,0,0,0,0,0,0,0,0,0,0,0,0,0,0,0,0,0,0,0,0,0,0,0,0,0,0,0,0,0,0,0,0,0,0,0,0,0,0,0,0,0,0,0,0,0,0,0,0,0,0,0,0,0,0,0,0,0,0,0,0,0,0,0,0,0,0,0,0,0,0,0,0,0,0,0,0,45,0,0,0,0,0,21,0,0,0,0,0,0,0,0,0,0,0,0,0,0,0,0,0,0,0,0,0,0,0,0,0,0,0,0,0,0,0,0,0,9,0,0,0,0,0,0,0,0,0,0,0,0,0,0,0,0,0,0,0,0,0,0,12,0,0,0,35,0,0,0,0,0,0,0,0,0,0,0,0,0,0,0,0,0,0,0,0,0,0,0,0,0,0,0,0,0,0,0,0,0,0,0,0,0,0,0,0,0,0,0,0,0,12,0,0
pos,0,0,0,0,0,0,0,0,0,0,120,0,0,0,0,0,0,0,0,0,0,0,0,0,0,0,0,0,0,0,0,0,0,0,0,0,0,0,0,0,0,0,18,0,0,0,0,0,0,0,0,0,0,0,0,0,123,0,0,0,0,0,0,0,0,0,0,0,0,0,0,0,0,0,17,0,0,0,0,0,0,0,0,0,0,0,0,0,0,0,33,0,0,0,0,0,0,0,0,0,0,0,0,0,0,0,0,0,0,181,0,0,0,0,0,0,0,0,0,0,0,0,0,0,0,0,0,0,0,54,0,0,0,34,0,0,0,0,0,0,0,0,0,0,0,0,0,0,0,0,0,0,0,0,0,0,0,0,0,0,0,0,6,0,0,295,0,0,9,0,0,0,0,0,0,0,0,0,0,0,0,0,0,0,0,0,0,0,0,0,0,0,0,0,0,0,0,0,0,0,0,0,0,0,0,0,0,0,0,0,0,0,0,0,0,0,0,0,0,0,106,0,0,0,8,0,0,0,0,0,0,0,0,0,0,0,0,0,0,48,0,0,0,64,0,0,0,0,0,0,0,0,2568,53,0,0,0,0,0,0,0,0,0,0,0,0,0,0,0,0,0,0,0,0,0,0,0,0,0,0,0,0,0,0,0,0,0,0,0,0,0,0,72,0,0,0,0,0,0,0,0,0,0,0,0,0,0,0,0,0,0,0,0,0,0,52,0,0,0,48,0,0,0,0,0,0,0,0,0,0,0,0,0,0,0,0,0,0,0,0,0,0,0,36,0,44,0,0,0,0,0,0,12,0,0,0,0,0,0,0,0,0,0,0,0,1395,0,0
pos,0,0,0,0,0,0,0,0,0,0,91,0,0,0,0,0,0,0,0,0,0,0,0,0,0,0,0,0,0,0,0,0,0,0,0,0,4,0,0,0,0,0,41,0,0,0,0,0,21,0,0,0,0,0,0,0,1236,0,0,0,0,0,0,0,0,0,0,0,0,0,0,0,0,0,0,0,0,0,0,0,0,0,0,0,0,0,0,0,0,0,8,277,0,0,0,0,0,0,0,0,0,0,0,0,0,0,0,0,0,0,0,0,0,0,0,0,0,0,0,0,0,0,0,0,0,0,0,0,0,230,0,0,0,30,0,0,0,0,0,0,0,0,0,0,0,0,0,0,0,0,0,0,0,0,22,0,0,0,0,0,0,22,11,0,0,0,0,0,110,0,0,0,0,0,0,0,0,0,0,0,0,0,0,53,0,0,0,0,0,0,0,0,0,0,0,0,0,0,0,0,0,0,0,0,0,0,0,0,0,0,0,0,0,0,0,0,0,23,0,0,0,0,0,0,0,0,0,290,0,0,0,0,0,0,0,0,0,0,0,0,0,0,0,0,0,0,0,0,0,0,0,55,20,4,0,0,0,0,0,0,0,0,0,183,0,0,0,0,0,0,0,0,0,0,0,0,0,105,0,0,0,0,0,0,0,0,0,0,0,0,0,0,12,0,0,129,0,292,0,0,0,0,0,0,0,0,0,0,0,0,0,0,0,0,0,64,0,0,0,78,0,0,0,0,0,0,0,0,0,0,0,0,0,0,0,311,0,376,0,0,0,534,0,184,0,0,0,0,0,0,0,0,42,0,0,0,0,0,0,0,0,0,0,0,0,0,0,0
neg,0,0,0,0,0,0,0,0,0,0,435,0,0,0,0,0,0,0,0,0,0,60,0,0,0,0,0,0,0,0,0,0,0,0,0,0,0,0,0,0,0,0,0,0,0,0,0,0,0,0,0,0,0,0,0,0,0,0,0,0,0,0,0,0,0,0,0,0,0,0,0,0,0,0,0,0,0,0,0,0,0,0,0,0,0,0,0,0,0,0,0,0,0,0,0,0,0,0,0,0,0,0,0,0,0,0,0,0,0,194,0,0,0,0,0,0,0,0,0,0,0,0,0,0,0,0,0,0,0,169,0,0,0,0,0,0,0,0,0,0,0,0,0,0,0,0,0,0,0,0,0,0,0,0,0,0,0,0,0,0,0,0,150,0,0,0,0,0,22,0,0,0,0,0,0,0,0,0,0,0,0,0,0,0,0,0,0,0,0,0,0,0,0,0,0,0,0,0,0,0,0,0,0,0,0,0,0,0,0,0,0,0,0,0,0,0,0,0,89,0,90,0,0,0,0,0,0,0,0,0,0,0,0,0,0,0,0,0,0,0,0,0,0,0,0,0,0,0,0,0,0,0,346,0,0,0,0,0,0,0,0,0,0,0,0,0,0,0,0,0,0,0,0,0,0,0,0,0,0,0,0,0,33,0,0,0,0,0,0,0,0,0,11,0,0,0,0,0,0,0,0,0,0,0,0,0,0,0,0,0,0,0,0,0,0,67,0,0,0,0,0,0,0,0,0,0,0,0,0,0,0,0,0,0,0,27,0,0,0,0,0,0,0,376,0,0,0,0,0,0,0,0,0,0,0,0,0,0,0,0,0,0,0,0,0,0,0,0
neg,0,0,0,0,0,0,0,0,0,0,341,0,0,0,0,0,0,0,0,0,0,0,0,0,0,0,0,0,0,0,0,0,0,0,0,0,0,0,0,0,0,0,0,0,0,0,0,0,0,0,0,0,0,0,0,0,0,0,0,0,0,0,0,0,0,0,0,0,0,0,0,0,0,0,0,0,0,0,0,0,0,0,0,0,0,0,0,0,0,0,0,153,0,0,0,0,0,0,0,0,0,0,0,0,0,0,0,0,0,0,0,0,0,0,0,0,0,0,0,0,0,0,0,0,0,0,0,0,0,280,0,0,0,0,0,0,0,0,0,0,0,0,0,0,0,0,0,0,0,0,0,0,0,0,0,0,0,0,0,0,0,0,23,0,0,0,0,0,0,0,0,0,0,0,0,0,0,0,0,0,0,0,0,0,0,0,0,0,0,0,0,0,0,0,0,0,0,0,0,0,0,0,0,0,0,0,0,0,0,0,0,0,0,0,99,0,0,0,0,0,45,0,0,0,0,0,0,0,0,0,0,0,0,0,0,0,0,0,0,0,0,0,0,0,0,0,0,90,0,34,0,0,933,0,0,0,0,0,0,22,0,0,0,0,0,0,0,0,0,0,0,0,0,0,0,0,0,0,0,0,0,0,41,0,0,30,0,0,0,0,161,96,138,0,0,0,112,0,0,0,0,0,0,0,0,0,0,0,50,0,0,0,0,0,0,0,0,0,0,3,0,0,0,0,0,0,0,9,0,0,0,0,0,0,0,0,0,222,0,0,0,0,0,5,0,0,0,0,0,0,0,0,68,0,0,0,0,0,0,0,0,0,0,0,0,136,0,0
pos,0,0,35,0,0,0,45,0,0,0,192,0,0,0,0,0,0,0,0,0,0,0,0,0,0,0,0,0,0,0,0,0,0,0,0,0,0,0,0,0,80,0,0,0,0,0,0,0,0,0,0,0,0,0,0,0,149,0,0,0,0,0,0,0,0,0,0,0,0,0,0,0,0,0,44,0,0,0,0,0,0,0,0,0,0,0,0,0,0,0,111,0,0,0,0,0,0,0,0,0,0,0,0,0,0,0,0,0,0,164,0,0,0,0,0,0,0,0,0,0,0,0,0,0,0,0,0,2,0,0,0,50,0,146,0,0,0,0,11,0,0,0,0,0,0,0,0,0,0,0,0,0,0,0,0,0,0,0,19,23,0,0,10,0,0,1268,0,0,109,0,0,0,0,0,0,0,0,0,0,0,0,0,0,0,0,0,0,16,0,0,0,95,0,0,0,0,0,0,0,0,0,0,0,0,0,0,0,0,0,0,0,0,0,0,0,0,0,27,0,0,551,0,0,0,0,70,0,0,0,0,0,0,0,0,0,0,16,0,0,0,0,0,0,0,0,0,0,0,0,0,0,0,4347,217,0,0,0,0,0,0,0,0,0,136,0,0,0,0,0,0,0,0,0,0,0,0,0,0,0,0,0,0,48,0,0,0,0,0,0,0,0,0,215,0,0,0,0,0,0,0,0,0,0,0,0,0,0,0,0,0,0,0,0,0,0,82,105,0,0,100,0,0,0,0,0,0,0,0,0,0,0,0,0,0,0,25,0,0,42,0,0,28,0,0,0,0,0,0,0,0,0,0,43,0,0,0,0,0,0,0,0,0,0,0,0,3641,0,0
neg,0,0,0,0,0,0,0,0,0,0,98,0,0,0,0,0,0,0,0,0,0,0,0,0,0,0,0,0,0,0,0,0,0,0,0,0,0,0,0,0,0,0,0,0,0,0,0,0,0,0,0,0,0,0,0,0,602,0,0,0,0,0,0,0,0,0,0,0,0,0,0,0,0,0,0,0,0,0,0,0,0,0,0,0,0,0,0,0,0,0,0,0,0,0,0,0,0,0,0,0,0,0,0,0,0,0,0,0,0,620,0,0,0,0,0,0,0,0,0,0,0,0,0,0,0,0,0,0,0,0,0,0,0,0,0,0,0,0,0,0,0,0,0,0,0,0,0,0,0,0,0,0,0,0,0,0,254,0,0,0,236,0,132,0,0,0,0,0,264,0,0,0,0,0,0,0,0,0,0,0,0,0,0,0,0,0,0,0,0,0,0,0,0,0,0,0,0,0,0,0,0,0,0,0,0,0,0,0,0,0,0,0,0,0,0,0,0,0,0,0,0,0,0,0,0,0,0,18,0,0,0,0,0,0,0,0,0,0,0,0,0,0,0,0,0,0,0,0,0,0,0,0,360,0,0,0,0,0,0,0,0,0,0,0,0,0,0,0,0,0,0,0,0,0,0,0,0,0,0,0,0,0,0,0,0,0,0,0,0,0,0,0,256,0,0,0,0,0,0,0,0,0,0,0,0,0,0,0,0,0,0,0,0,0,0,58,0,0,0,0,0,0,0,0,0,0,0,0,0,0,0,0,0,0,234,0,0,0,0,0,0,0,0,376,0,0,0,0,0,0,0,0,0,0,0,0,0,0,0,0,0,0,0,0,0,0,0,0
pos,0,0,0,0,0,0,0,0,0,0,0,0,0,0,0,0,0,0,0,0,0,0,0,0,0,0,0,0,0,0,0,0,0,0,0,0,0,0,0,0,0,0,0,0,0,0,0,0,0,0,0,0,0,0,0,0,486,0,0,0,0,0,0,0,0,0,0,0,0,0,0,0,0,0,0,0,0,0,0,0,0,0,0,0,0,0,0,0,0,0,0,0,0,0,0,0,0,0,0,0,0,0,0,0,0,0,0,0,0,293,0,0,0,0,0,0,0,0,0,0,7,0,0,0,0,0,0,0,0,16,0,230,0,0,0,0,0,0,0,0,0,0,0,0,0,0,0,0,0,0,0,0,0,0,0,3,10,0,0,0,0,0,5,0,0,0,0,0,31,0,0,0,0,0,0,86,0,0,0,0,0,0,0,75,0,0,0,0,0,0,0,0,0,0,0,0,0,0,0,0,0,0,0,0,0,0,394,0,0,0,0,0,0,0,0,0,0,0,0,0,293,0,0,0,0,0,0,0,0,0,0,0,0,0,0,0,0,0,732,0,0,0,0,0,0,0,0,0,0,0,0,0,3350,793,0,0,0,0,0,0,0,0,0,60,0,0,0,0,0,0,0,0,0,0,0,195,0,0,0,0,0,0,0,0,0,0,0,0,0,0,0,0,0,0,0,0,0,0,0,299,0,0,0,0,0,0,0,0,0,0,0,0,0,0,0,41,0,0,10,0,0,0,0,61,0,0,0,0,0,0,0,0,0,0,0,0,0,0,0,0,0,0,0,0,0,0,211,0,0,0,0,0,601,0,0,0,0,0,0,0,0,0,0,0,0,3468,0,0
neg,0,0,0,0,0,0,122,0,0,0,349,0,0,0,0,0,0,0,0,0,0,0,0,0,0,0,0,0,0,0,0,0,0,0,0,0,0,0,0,0,0,0,0,0,0,527,0,0,0,0,0,0,0,0,0,0,227,0,0,0,0,0,0,0,0,0,0,0,0,0,0,0,0,0,0,1110,51,0,0,0,0,0,0,0,0,0,0,0,0,0,0,0,0,0,0,0,0,0,0,0,0,0,0,0,0,0,0,0,0,0,0,0,0,0,0,0,0,0,0,0,0,0,0,0,0,0,0,0,0,175,0,0,0,20,0,0,0,0,0,0,0,0,0,0,0,0,0,0,0,0,0,0,0,0,0,0,0,0,4,0,0,0,0,154,0,0,0,0,748,0,0,0,0,0,0,0,0,0,0,0,0,0,0,0,0,0,0,0,0,0,0,0,0,0,0,0,0,0,0,112,0,0,0,0,0,0,0,0,0,0,0,0,0,0,0,0,0,235,0,0,16,0,0,0,0,0,0,332,0,0,0,0,0,0,0,0,0,0,0,0,0,0,0,0,0,0,0,0,0,0,0,0,779,0,0,0,0,0,0,0,0,0,0,0,0,868,0,0,0,0,0,0,0,0,0,0,0,0,296,0,0,0,85,0,0,0,0,0,0,0,0,0,0,0,0,0,0,0,0,0,0,0,0,0,0,0,0,0,0,0,0,0,0,0,0,31,0,0,0,43,0,0,0,0,0,0,0,0,0,0,0,0,0,0,0,0,0,0,0,0,0,0,0,1262,0,1100,94,0,0,0,0,0,12,0,0,0,0,0,0,0,0,0,0,0,0,772,0,0
neg,0,0,0,0,0,0,0,0,0,0,317,0,0,0,0,0,0,0,0,0,0,0,0,0,0,0,0,0,0,0,0,0,0,0,0,0,0,0,0,0,0,0,0,0,0,0,0,0,0,0,0,0,0,0,0,0,124,0,0,0,0,0,0,0,0,0,0,0,0,0,0,0,0,0,0,0,0,0,0,0,0,0,0,0,0,0,0,336,0,0,0,0,0,0,0,0,0,0,0,0,0,0,0,0,0,0,0,0,0,0,0,0,0,0,0,0,0,0,0,0,0,0,0,0,0,0,0,0,0,0,0,0,0,0,0,0,0,84,0,0,0,0,190,0,0,0,0,0,0,0,0,0,0,0,0,8,0,0,0,0,101,0,0,0,0,0,0,0,0,0,0,0,0,0,0,0,0,0,0,0,0,0,0,0,0,0,0,0,0,0,0,0,0,0,0,0,0,0,0,0,0,0,0,0,0,0,0,0,0,0,0,0,0,0,0,0,0,249,0,0,39,0,0,0,3994,0,0,47,0,0,0,0,0,0,0,0,0,0,0,0,0,0,0,0,0,0,0,0,0,0,0,0,12,0,0,0,0,0,0,0,0,0,0,0,0,0,0,0,0,0,0,0,0,0,0,0,0,0,0,0,0,0,77,0,0,0,0,0,0,0,0,0,0,0,0,0,0,0,0,0,0,0,0,0,0,0,0,0,0,0,0,0,0,0,0,299,0,0,10,0,0,0,0,0,0,0,0,0,0,0,0,0,0,0,0,0,0,0,0,0,0,0,0,16,0,0,0,0,0,0,0,0,0,0,0,0,0,0,0,0,0,0,0,0,0,0,0,0
pos,0,0,0,0,0,0,0,0,0,0,902,0,0,0,0,0,0,0,0,0,0,0,0,0,0,0,0,0,0,0,0,73,0,0,0,0,0,0,0,0,0,0,0,0,0,0,0,0,0,0,0,0,0,0,0,0,548,0,0,0,0,0,0,0,0,0,0,0,0,0,0,0,0,0,0,0,0,0,0,0,0,0,0,0,0,0,0,0,0,0,0,0,0,0,0,0,0,0,0,183,0,0,0,0,0,0,0,0,0,196,0,0,0,0,0,0,0,0,0,0,0,0,0,0,0,0,0,0,0,156,0,0,0,0,0,0,0,0,0,0,0,0,0,0,0,0,0,0,0,0,0,0,0,0,0,0,0,0,0,0,13,0,21,0,0,0,0,0,0,0,0,0,0,0,0,0,0,0,30,0,0,0,0,0,0,0,0,0,0,0,0,0,0,0,0,0,0,0,0,0,0,0,0,0,0,0,0,0,0,0,0,0,0,0,0,0,0,0,0,0,114,0,0,0,0,0,0,0,0,0,0,0,0,0,0,0,0,0,0,0,0,0,0,0,0,0,0,0,0,0,0,0,943,0,0,0,0,0,0,0,0,0,0,0,0,0,0,0,0,0,0,0,0,0,0,0,0,0,0,0,0,0,0,0,0,0,0,0,0,0,0,0,0,0,0,166,0,0,0,0,0,0,0,0,0,0,0,0,0,0,0,0,0,0,0,0,0,0,0,0,0,0,0,0,0,0,0,0,0,0,0,0,0,0,0,113,0,0,0,0,0,0,0,7,0,0,0,0,0,0,0,0,0,0,0,0,0,0,0,0,0,0,0,0,0,78,0,0
pos,0,0,0,0,0,0,0,0,0,0,125,0,0,0,0,0,0,0,0,0,0,0,0,0,0,0,0,0,0,0,0,0,0,0,0,0,0,0,0,0,0,0,0,0,0,0,0,0,0,0,0,0,0,0,0,0,122,0,0,0,0,0,0,0,0,0,0,0,0,0,0,0,0,0,0,0,0,0,0,0,0,0,0,0,0,0,0,0,0,0,0,0,0,0,0,0,0,0,0,0,0,0,0,0,0,0,0,0,0,0,0,0,0,0,0,0,0,0,0,0,0,0,0,0,0,0,0,0,0,137,0,0,0,0,0,0,0,0,0,0,0,0,0,0,0,0,0,0,0,0,0,0,0,0,0,0,0,0,0,0,0,0,0,0,0,210,0,0,0,0,0,0,0,0,0,0,0,0,0,0,0,0,0,0,0,0,0,0,0,0,0,0,0,0,0,0,0,0,0,0,0,0,0,0,0,9,0,0,0,0,0,0,0,0,0,0,0,0,0,0,429,0,0,0,0,0,0,0,0,0,0,0,0,0,0,0,0,0,0,34,0,0,0,0,0,0,0,0,0,0,0,0,2808,144,0,0,0,0,0,0,0,0,52,0,0,0,0,0,0,0,0,0,0,0,0,0,0,43,0,0,0,0,0,0,0,0,0,0,0,0,0,0,62,0,0,0,0,0,0,0,0,0,0,0,0,0,0,0,0,0,0,0,0,0,0,0,0,0,0,0,0,0,0,0,0,0,0,0,0,0,0,0,0,0,0,12,0,0,0,0,0,0,0,31,0,0,0,0,0,0,0,0,0,0,0,0,0,0,0,0,0,0,0,0,0,466,0,0
pos,0,0,0,0,0,0,0,0,0,0,193,0,0,0,0,0,0,0,0,0,0,27,0,0,0,0,0,0,0,0,0,0,0,0,0,0,0,0,0,0,0,5281,0,0,0,0,0,0,0,0,0,0,0,0,0,0,23,0,0,0,0,0,0,0,0,170,0,0,0,0,0,0,0,0,0,0,136,0,0,0,0,0,0,0,0,0,0,0,0,0,0,12,0,0,0,0,0,0,0,0,0,0,0,0,0,0,0,0,0,0,0,0,0,0,0,109,0,0,0,0,0,0,0,0,0,0,0,0,0,198,0,0,0,0,0,0,0,0,0,31,0,0,0,0,69,0,0,0,0,0,0,0,0,0,0,0,0,0,0,0,274,0,262,0,0,0,0,0,38,0,0,0,0,0,0,0,0,0,0,0,0,0,0,0,0,0,0,0,0,0,0,0,0,0,0,0,0,0,0,0,0,0,0,0,0,0,0,0,0,0,0,0,0,0,0,0,0,0,0,0,77,0,0,0,0,0,0,7,0,0,0,0,0,0,0,0,0,0,0,0,0,0,0,0,0,0,0,0,0,0,0,0,103,0,0,0,0,0,0,0,0,0,174,0,0,0,0,0,0,0,0,0,0,0,0,0,0,0,9,0,0,0,6,0,0,0,0,71,0,0,147,0,92,0,0,24,0,0,0,0,0,0,0,0,0,0,0,0,0,0,0,0,0,0,0,0,0,0,0,0,0,0,0,0,0,0,0,0,0,0,0,0,0,0,0,31,0,0,0,0,0,0,0,294,0,0,0,0,0,0,0,0,292,0,0,0,0,0,0,0,0,0,0,0,0,48,0,0
pos,96,0,0,0,0,0,109,0,0,0,180,0,0,0,0,0,0,0,0,0,0,0,0,0,0,0,0,0,25,0,0,0,0,0,0,0,0,0,0,0,0,0,141,0,0,0,0,0,0,0,0,0,0,0,0,0,63,0,0,0,0,0,0,0,0,0,0,0,0,0,0,0,0,0,0,0,0,0,0,0,0,0,0,0,0,0,0,0,0,0,0,0,0,0,0,147,0,0,0,0,0,0,0,0,0,0,0,0,0,518,0,0,0,0,0,0,0,7,0,0,0,0,0,0,0,0,0,0,0,11,0,0,0,0,0,0,0,0,0,0,0,0,0,0,0,127,0,0,0,0,0,0,0,0,0,0,0,0,0,0,0,0,73,0,0,1943,0,0,7,0,0,0,0,5,0,0,0,0,0,0,0,0,0,0,0,0,0,0,0,0,0,0,0,0,0,0,0,0,0,0,0,0,0,0,0,0,0,0,0,0,0,0,15,0,0,0,0,108,0,0,2616,0,0,0,0,0,0,0,0,0,0,0,0,0,0,0,0,92,0,0,0,0,0,0,0,0,0,0,0,0,0,0,13038,894,0,0,0,0,33,0,0,0,33,0,0,122,0,0,0,0,0,0,0,27,0,0,0,0,0,0,0,0,0,0,0,0,0,0,0,0,0,0,138,0,0,0,0,0,0,0,0,0,0,0,0,0,0,0,0,0,0,0,0,0,0,97,0,0,0,20,0,0,0,0,0,0,0,0,0,0,0,0,0,0,0,94,0,0,0,0,0,0,0,112,0,0,0,0,176,0,0,0,0,0,0,0,0,0,0,0,0,0,0,0,0,3446,0,0
neg,0,0,0,0,0,0,0,0,0,0,511,0,0,0,0,0,0,0,0,0,0,0,0,0,0,0,0,0,0,0,0,0,0,0,0,0,0,0,0,0,0,0,0,0,0,0,0,0,0,0,0,0,0,0,0,0,0,0,0,0,0,0,0,0,0,0,0,0,0,0,0,0,0,0,0,0,0,0,0,0,0,0,0,0,0,0,0,0,0,0,0,48,0,0,0,0,0,0,0,0,0,0,0,0,0,0,0,0,0,0,0,0,0,0,0,0,0,0,0,0,0,0,0,0,0,0,0,0,0,240,0,0,0,0,0,0,0,0,0,0,0,0,0,0,0,0,0,0,0,0,0,0,0,0,0,9,88,0,0,0,0,0,0,0,0,0,0,0,317,0,0,0,0,0,0,0,0,0,0,0,0,0,0,6,0,0,0,0,0,0,0,0,187,0,0,0,0,0,0,0,0,0,0,0,0,0,0,0,0,0,0,0,0,0,0,0,0,0,0,22,0,0,0,0,0,0,0,0,0,0,0,0,0,0,0,0,0,0,0,0,0,0,0,0,0,0,0,0,0,0,0,0,0,0,0,0,0,0,0,0,0,0,0,0,0,0,0,0,0,0,0,0,0,0,0,0,0,0,0,0,0,0,91,0,0,0,0,0,0,0,0,0,0,0,0,0,0,0,0,0,0,0,0,0,0,0,0,0,0,0,0,0,0,0,0,8,0,0,0,0,0,0,0,0,0,0,0,0,0,0,0,0,0,0,0,78,0,0,0,0,0,5,0,267,0,0,0,0,0,0,0,0,0,0,0,0,0,0,0,0,0,0,0,0,0,0,0,0
pos,0,0,0,0,0,0,246,0,0,0,299,0,0,0,0,0,0,0,0,0,0,0,0,0,0,0,0,0,0,0,0,0,0,0,0,0,0,0,0,0,0,0,0,0,0,0,0,305,0,0,0,0,0,0,0,0,0,0,0,0,0,0,0,0,0,0,0,0,0,0,0,0,0,0,0,0,0,0,0,0,0,0,0,0,0,0,0,0,0,0,0,0,0,0,0,0,0,0,0,0,0,0,0,0,0,0,0,0,0,401,0,0,0,0,0,0,0,0,0,0,0,0,0,0,0,0,0,0,0,0,0,0,0,0,0,0,0,0,0,0,0,0,0,0,0,0,0,0,0,0,0,0,0,0,0,0,0,0,0,0,0,0,0,0,0,4,0,0,264,0,0,0,0,0,0,0,0,0,0,0,0,0,0,0,0,0,0,0,0,0,0,0,0,0,0,0,0,0,0,0,0,0,0,0,0,0,0,0,0,0,0,0,0,0,0,0,0,0,0,23,1245,0,0,0,0,0,0,0,0,0,0,0,0,0,0,0,0,0,0,0,0,0,0,0,0,0,0,0,0,0,0,0,8784,145,0,0,0,0,16,0,0,0,0,0,0,0,0,0,21,0,0,0,0,0,0,0,0,0,0,0,0,0,0,0,0,0,0,0,0,0,0,0,314,0,0,0,0,0,0,0,0,0,0,0,0,0,0,0,0,0,0,0,0,0,0,110,0,0,0,0,0,0,0,0,0,0,0,0,0,35,0,0,0,0,0,0,0,0,0,0,0,210,0,350,0,0,0,0,0,0,0,0,7,0,0,0,0,0,0,0,0,0,0,0,0,1428,0,0
pos,0,0,57,0,0,0,306,0,0,0,75,0,0,0,0,0,0,0,0,0,0,0,0,0,0,0,0,0,0,0,0,0,0,0,0,0,0,0,0,0,0,95,0,0,0,0,0,97,0,0,0,0,0,0,0,0,595,0,0,81,0,0,0,0,0,0,0,0,0,0,0,0,0,0,0,58,0,0,0,0,0,0,0,0,0,0,0,0,0,0,0,169,0,0,0,0,30,0,0,0,0,0,0,0,0,0,0,0,0,258,0,106,0,0,0,0,0,70,0,0,0,0,0,0,78,0,0,0,0,0,0,0,0,81,23,0,0,0,0,0,0,0,0,0,0,0,0,0,0,0,0,0,0,0,0,0,0,0,0,0,0,34,318,0,0,241006,0,0,226,0,0,0,0,0,0,0,0,0,0,0,0,0,0,0,0,0,0,0,0,0,0,0,0,0,0,0,0,0,0,0,0,0,0,0,0,0,0,0,0,0,0,0,0,0,0,0,0,0,0,0,484,0,0,0,0,0,0,116,0,0,0,0,0,0,0,0,0,0,0,0,0,0,0,0,0,0,0,0,0,0,0,0,8601,471,0,0,0,0,112,0,0,0,0,129,0,0,0,0,0,0,0,0,0,0,0,0,0,0,0,0,0,0,0,0,0,0,0,0,0,0,0,29,143,0,0,0,134,180,0,0,0,0,0,0,0,0,0,0,0,0,0,0,0,0,0,185,0,0,92,85,0,0,0,0,0,0,0,0,0,0,0,0,0,0,0,7,0,0,76,0,0,0,0,90,0,0,0,0,0,0,0,0,70,0,0,0,0,121,0,0,0,0,0,0,0,3175,0,0
pos,0,0,90,0,0,0,573,0,0,0,240,0,0,0,0,0,0,0,0,0,0,0,0,0,0,0,0,0,0,0,0,0,0,0,0,0,0,159,0,0,0,0,42,0,0,0,0,0,0,0,0,0,0,0,0,0,1446,0,0,73,19,0,0,0,0,0,0,0,0,0,0,0,0,0,0,0,0,0,0,0,0,0,0,0,0,0,0,0,0,0,0,684,0,0,0,0,0,0,0,0,0,0,0,0,0,0,0,0,0,0,0,684,0,0,0,0,0,0,0,0,0,0,0,0,0,0,0,0,0,0,0,0,0,0,0,0,0,0,0,0,0,0,0,0,0,0,0,0,0,0,0,0,0,0,0,2,0,0,0,0,671,84,0,0,0,97,0,0,176,0,0,0,0,0,0,0,0,0,0,0,0,0,0,0,0,0,0,0,0,0,0,0,0,0,0,0,0,0,0,0,0,0,0,0,0,0,0,0,0,0,0,0,0,0,0,0,0,80,0,0,306,0,0,0,0,0,0,41,0,192,0,0,0,0,0,0,0,0,0,114,0,0,0,0,0,0,0,0,0,0,0,0,4359,16,0,0,0,0,0,0,0,0,75,0,0,0,0,0,0,0,0,0,0,0,0,0,0,0,0,0,0,0,98,0,0,200,0,0,0,0,0,0,1118,0,0,0,0,14,0,0,0,0,0,0,0,0,0,0,0,0,0,0,0,0,0,0,0,0,498,0,0,0,0,0,0,0,0,0,0,0,0,0,0,0,0,436,0,0,0,0,0,0,0,1053,0,0,0,0,0,9,0,0,325,0,0,0,0,0,0,0,0,0,0,0,0,857,0,0
neg,0,0,0,0,0,0,0,0,0,0,0,0,0,0,0,0,0,0,0,0,0,0,0,0,0,0,0,0,0,0,0,0,0,0,0,0,0,0,0,0,0,0,0,0,0,0,0,0,0,12,0,0,0,0,0,0,252,0,0,0,0,0,0,0,0,0,0,0,0,0,0,0,0,0,0,0,0,0,0,0,0,0,0,0,0,0,0,0,0,0,0,0,0,0,0,0,0,0,0,0,0,0,0,0,0,0,0,0,0,160,0,0,0,0,0,0,0,0,0,0,0,0,0,0,0,0,0,0,0,213,0,0,0,0,0,0,0,0,0,0,0,0,0,0,0,0,0,0,0,0,0,0,0,0,0,6,24,0,0,0,0,0,0,0,0,0,0,0,0,0,0,0,0,0,0,0,0,0,0,0,0,0,0,112,0,0,0,0,0,0,0,0,0,0,0,0,0,0,0,0,0,0,0,0,0,0,0,0,0,0,0,0,0,0,0,0,0,0,0,0,0,0,0,0,0,0,0,0,0,0,0,0,0,0,0,0,0,0,0,0,0,0,0,0,0,0,0,0,0,0,0,0,17,0,0,0,0,0,0,0,0,0,0,0,0,0,0,0,0,0,0,0,0,0,0,0,0,0,0,0,0,0,0,0,0,0,0,0,0,0,0,0,0,0,0,0,0,0,0,0,0,0,0,0,77,0,0,0,0,0,0,0,0,0,0,62,0,0,0,0,0,0,0,0,0,0,0,0,0,9,0,0,0,0,0,0,0,0,0,0,0,0,0,5,0,0,0,0,0,0,0,0,24,0,0,0,0,0,0,0,0,0,0,0,0,114,0,0
pos,0,0,0,0,0,0,0,0,0,0,608,0,0,0,0,0,0,0,0,0,0,0,0,0,0,0,0,0,0,0,0,0,0,0,0,0,0,0,0,0,0,0,182,0,0,0,0,0,0,0,0,0,0,0,0,0,436,0,0,0,0,0,0,0,0,0,0,0,137,0,0,0,8,0,0,0,176,0,0,0,0,0,0,0,0,0,0,0,0,0,0,0,0,0,0,0,0,0,0,0,0,0,0,0,0,0,0,0,0,4843,0,0,0,0,0,0,0,0,0,0,0,0,0,0,0,0,0,89,0,550,0,0,0,18,0,0,0,0,0,0,0,0,0,0,0,0,0,0,0,0,0,0,0,0,0,0,0,0,0,0,176,0,172,0,0,232,0,0,321,0,0,0,0,0,0,0,0,0,0,0,0,0,0,0,0,95,0,92,0,0,0,0,0,0,0,0,0,0,0,0,0,0,0,0,4,0,0,0,0,0,0,0,0,0,0,0,0,11,0,0,687,0,0,0,0,0,0,145,0,0,0,0,0,0,0,0,0,0,0,0,0,0,0,0,0,0,0,0,0,0,0,0,7571,439,0,0,0,0,0,0,0,0,0,0,0,0,0,0,0,0,0,0,0,0,0,0,0,0,0,0,0,0,0,0,0,0,0,0,0,0,0,0,341,0,0,0,49,434,0,0,0,97,0,0,0,0,0,0,0,0,0,0,0,0,0,0,125,0,100,19,0,0,0,0,0,0,0,0,0,0,87,0,0,0,0,17,46,224,0,0,0,124,0,841,0,0,0,0,0,0,0,0,9,0,0,0,0,0,0,0,0,0,0,0,0,2314,0,0
neg,0,0,0,0,0,0,0,0,0,0,0,0,0,0,0,0,0,0,0,0,0,0,0,0,0,0,0,0,0,0,0,0,0,0,0,0,0,0,0,0,0,0,0,0,0,0,0,0,0,0,0,0,0,0,0,0,0,0,0,0,0,0,0,0,0,0,0,0,0,0,0,0,0,0,0,0,0,0,0,0,0,0,0,0,0,0,0,0,0,0,0,0,0,0,0,0,0,0,0,0,0,0,0,0,0,0,0,0,0,0,0,0,0,0,0,0,0,0,0,0,0,0,0,0,0,0,0,0,0,0,0,0,0,104,0,0,0,0,0,0,0,0,0,0,0,0,0,0,0,0,0,0,0,0,0,0,0,0,77,0,0,0,0,0,0,0,0,0,95,0,0,0,0,0,0,0,0,0,0,0,0,0,0,0,0,0,0,0,0,0,0,0,0,0,0,0,0,0,0,0,0,0,0,0,0,0,0,0,0,0,0,0,0,0,0,0,0,0,0,0,0,0,0,0,0,0,0,0,0,0,0,0,0,0,0,0,0,0,0,0,0,0,0,0,0,0,0,0,0,0,0,0,0,0,0,0,0,0,0,0,0,0,0,0,0,0,0,0,0,0,0,0,0,0,0,0,0,0,0,0,0,0,0,0,0,0,0,0,0,0,0,0,0,0,0,0,0,0,0,0,0,0,0,0,0,0,0,0,0,0,0,0,0,0,0,237,0,0,0,206,0,0,0,0,0,0,0,0,0,0,0,0,0,0,0,0,0,0,0,0,0,0,0,0,0,0,0,0,0,0,0,0,74,0,0,0,0,0,0,0,0,0,0,0,0,0,0,0
neg,0,0,0,0,0,0,0,0,0,0,0,0,0,0,0,0,0,0,0,0,0,0,0,0,0,0,0,0,0,0,0,0,0,0,0,0,0,0,0,0,0,0,0,0,0,0,0,0,0,0,0,0,0,0,0,0,0,0,0,0,0,0,0,0,0,0,0,0,0,0,0,0,0,0,0,0,0,0,0,0,0,0,0,0,0,0,0,0,0,0,0,0,0,0,0,0,0,0,0,0,0,0,0,0,0,0,0,0,0,0,0,0,0,0,0,0,0,0,0,0,0,0,0,0,0,0,0,0,0,0,0,0,0,114,0,0,0,0,0,0,0,0,0,0,0,0,0,0,0,0,0,0,0,0,0,0,0,0,59,0,0,0,0,0,0,0,0,0,113,0,0,0,0,0,0,0,0,0,0,0,0,0,0,0,0,0,0,0,0,0,0,0,0,0,0,0,0,0,0,0,0,0,0,0,0,0,0,0,0,0,0,0,0,0,0,0,0,0,0,0,0,0,0,0,0,0,0,0,0,0,0,0,0,0,0,0,0,0,0,0,0,0,0,0,0,0,0,0,0,0,0,0,0,0,0,0,0,0,0,0,0,0,0,0,0,0,0,0,0,0,0,0,0,0,0,0,0,0,0,0,0,0,0,0,0,0,0,0,0,0,0,0,0,0,0,0,0,0,0,0,0,0,0,0,0,0,0,0,0,0,0,0,0,0,0,229,0,0,0,333,0,0,0,0,0,0,0,0,0,0,0,0,0,0,0,0,0,0,0,0,0,0,0,0,0,0,0,0,0,0,0,0,83,0,0,0,0,0,0,0,0,0,0,0,0,0,0,0
pos,0,0,0,0,0,0,0,0,0,0,278,0,0,0,0,0,0,0,0,0,0,0,0,0,0,0,0,0,0,0,0,0,0,0,0,0,0,0,0,0,0,114,0,0,0,0,0,0,0,0,0,0,0,0,0,0,658,0,0,0,0,0,0,0,0,0,0,0,0,0,0,0,0,0,23,92,0,0,0,0,0,0,0,0,0,0,0,0,0,0,0,0,0,0,0,0,0,0,0,0,0,0,0,0,0,0,0,0,0,0,0,0,0,0,0,0,0,0,0,0,0,0,0,0,0,0,0,0,0,151,0,0,0,0,0,0,0,0,0,0,0,0,0,0,0,0,0,0,0,0,0,0,0,0,0,0,0,0,0,37,0,0,0,0,0,0,0,0,184,0,0,0,0,0,0,0,0,0,0,0,0,0,0,0,0,0,0,0,0,0,0,0,0,0,0,0,0,0,0,0,0,0,0,0,0,0,0,0,0,0,0,0,0,0,0,0,53,0,138,0,252,0,0,0,0,0,0,5,0,0,0,0,0,0,0,0,0,0,0,0,0,0,0,0,100,42,0,0,0,0,0,0,1479,97,0,0,0,0,0,0,0,0,44,0,0,0,0,0,0,0,0,0,0,0,0,0,0,0,0,0,155,0,0,0,0,0,0,0,0,0,0,0,334,0,0,0,0,0,0,0,0,0,0,0,0,0,0,0,0,0,0,0,0,0,0,83,0,0,0,0,0,0,0,0,0,0,0,0,0,0,0,0,0,0,0,145,0,0,0,0,0,33,0,88,0,0,0,0,0,0,0,0,60,0,0,0,0,0,0,0,0,0,0,0,0,283,0,0
pos,0,0,0,0,0,0,0,0,0,0,44,0,0,0,0,0,0,0,0,0,0,0,16,4,0,0,0,14,0,0,0,0,0,0,0,31,0,0,0,0,0,0,0,0,0,0,0,0,0,0,0,0,0,0,0,0,35,0,0,0,0,0,0,0,0,0,0,0,0,0,0,0,0,0,0,0,0,0,0,0,0,0,0,0,0,0,0,0,0,0,0,0,0,0,0,0,0,0,0,0,0,0,0,0,0,0,20,0,0,59,0,0,0,0,0,0,0,0,0,0,0,0,0,0,0,0,0,14,0,0,0,0,0,0,0,0,0,0,0,0,0,0,0,0,0,0,0,0,0,0,0,0,0,0,0,0,0,0,0,0,0,0,0,0,0,1176,0,0,0,0,0,0,0,0,0,0,0,0,0,0,0,0,0,0,0,0,0,0,0,0,0,0,0,0,0,0,0,0,0,0,0,0,0,0,0,0,0,0,0,0,0,0,0,0,0,0,0,0,0,0,100,0,0,0,0,0,0,0,0,0,0,0,0,0,0,0,0,0,0,0,0,0,0,0,0,0,0,0,0,0,0,0,1839,50,0,0,0,0,0,0,0,0,0,0,0,0,0,0,0,0,0,0,0,0,0,0,0,0,0,0,0,0,9,0,0,0,0,0,0,0,0,0,40,0,0,0,0,0,0,0,0,0,0,0,0,0,0,0,0,0,0,0,0,0,0,0,0,0,0,0,0,0,0,0,0,0,0,0,0,8,0,0,0,0,0,0,0,0,0,0,0,0,0,38,0,0,0,0,0,0,0,0,30,0,0,0,0,0,0,0,0,0,0,0,0,1035,0,0
pos,0,0,0,0,0,0,0,0,0,0,0,0,0,0,0,0,0,0,0,0,0,0,0,0,0,0,0,0,0,0,0,0,0,0,0,0,0,0,0,0,0,0,0,0,0,0,0,0,0,0,0,0,0,0,0,0,154,0,0,0,0,0,0,0,0,0,0,0,0,0,0,0,0,0,0,0,0,0,0,0,0,0,0,0,0,0,0,0,0,0,0,0,0,0,0,0,0,0,0,0,0,0,0,0,0,0,0,0,0,0,0,0,0,0,0,0,0,0,0,0,0,0,0,0,0,0,0,0,0,0,0,0,0,133,0,0,0,0,0,0,0,0,0,0,0,0,0,0,0,0,0,0,0,0,0,13,0,0,49,62,0,0,0,0,0,0,0,0,285,0,0,0,0,0,0,0,0,0,0,0,0,0,0,0,0,0,0,0,0,0,0,0,0,0,0,0,0,0,0,0,0,0,0,0,0,0,0,0,0,0,0,0,0,0,0,0,0,8,0,0,175,0,0,0,0,0,0,0,0,0,0,0,0,0,0,0,0,0,0,0,0,0,0,0,0,0,0,0,0,0,0,0,1023,0,0,0,0,0,0,0,0,0,0,0,0,0,0,0,0,0,0,0,0,0,0,0,0,0,0,0,0,0,0,0,0,0,0,0,0,0,0,0,175,0,0,0,0,0,0,0,0,0,0,0,0,0,0,0,0,0,0,0,0,0,0,213,0,0,0,215,0,0,0,0,0,0,0,0,0,0,9,0,0,0,0,0,0,0,0,0,0,0,0,268,0,0,0,0,0,0,0,0,89,0,0,0,0,0,0,0,0,0,0,0,0,431,0,0
neg,0,0,0,0,0,0,365,106,0,0,513,0,0,139,0,0,0,0,0,0,0,0,0,0,0,0,0,0,0,0,0,0,0,0,0,116,0,0,0,0,0,0,0,0,0,0,0,0,0,0,0,0,0,0,0,175,119,0,0,0,0,0,0,0,0,0,0,0,0,0,0,0,0,0,0,0,0,0,0,0,0,195,0,0,0,0,0,0,0,0,82,0,0,0,0,0,179,0,0,0,0,0,0,0,0,0,0,0,0,0,0,0,0,0,0,0,0,0,0,0,0,0,0,0,0,0,0,0,0,98,0,0,0,25,0,0,0,0,0,0,0,0,0,0,0,0,0,0,0,0,0,0,0,0,0,0,0,368,11,0,0,0,151,0,0,0,0,0,185,0,0,0,0,0,0,0,0,0,0,0,0,0,0,15,0,0,0,0,0,0,0,0,0,0,0,0,0,0,0,0,0,0,0,0,0,0,0,0,0,0,0,0,310,7,0,0,0,0,0,0,130,0,93,0,0,0,0,0,0,0,0,0,0,0,0,0,0,0,0,52,0,0,0,0,0,0,0,0,0,0,0,0,360,0,0,0,0,0,83,0,0,0,0,0,0,0,0,0,0,0,0,0,0,0,0,0,0,0,0,0,0,0,0,0,0,0,0,0,0,0,0,0,133,0,0,0,92,0,0,0,0,0,95,0,0,0,0,0,0,0,0,0,0,0,0,47,0,0,24,27,3251,0,0,0,0,0,0,0,0,0,0,0,0,0,0,0,0,59,0,0,0,74,0,220,0,0,0,0,0,0,0,0,326,0,0,0,0,0,0,0,0,0,0,0,0,143,0,0
neg,0,0,0,0,0,0,0,0,0,0,4,0,0,1869,0,0,0,0,0,0,0,0,0,0,0,0,0,0,0,0,0,0,0,0,0,0,0,0,0,0,0,0,0,0,0,0,0,0,0,0,0,0,0,0,0,0,5558,0,0,0,0,0,0,0,0,0,0,0,0,0,0,0,0,0,0,0,0,0,0,0,0,0,0,0,0,0,0,0,0,0,0,0,0,0,0,0,0,0,0,0,0,0,0,0,0,0,0,0,0,27,0,0,0,0,0,0,0,0,0,0,0,0,0,0,0,0,0,0,0,1464,0,0,0,385,30,0,0,0,0,0,0,0,0,13,0,0,0,0,0,0,0,0,0,0,0,50,0,0,0,0,0,0,6027,0,0,0,0,0,0,0,0,0,0,0,156,0,0,0,0,0,0,0,0,0,0,0,0,0,0,0,0,0,0,0,0,0,0,0,0,0,0,0,0,0,0,0,0,0,0,0,0,0,0,0,0,0,0,0,0,0,0,0,0,0,0,0,4,0,0,0,0,0,0,0,0,0,0,0,0,0,0,0,0,0,0,0,0,0,0,0,0,0,138,0,0,0,0,0,0,0,0,0,0,0,0,0,0,0,0,0,0,0,0,0,0,0,0,0,0,0,0,0,0,0,0,0,0,0,0,0,0,0,0,0,0,0,0,0,0,0,0,0,0,0,0,0,0,0,0,0,0,0,0,0,0,51,0,0,0,0,0,0,0,0,0,0,0,0,0,22,0,0,0,0,0,2838,0,2199,0,0,0,0,0,0,0,2,0,0,0,0,0,0,0,0,0,0,0,0,0,0,0,0,0,0,0,627,0,0
neg,0,0,0,0,0,0,0,34,0,0,189,0,0,0,0,0,0,0,0,0,0,238,0,0,0,0,0,0,0,0,0,0,0,0,0,0,0,0,0,0,0,0,0,0,0,0,0,0,0,0,0,0,0,0,0,0,4220,0,0,0,0,0,0,0,0,0,0,0,0,0,0,0,0,0,0,0,0,0,0,0,111,0,0,0,0,0,0,0,0,0,0,0,0,0,0,0,0,0,0,0,0,0,0,0,0,0,0,0,0,78,0,0,0,0,0,0,0,0,0,0,0,0,0,0,0,0,0,0,0,0,0,0,0,129,0,0,0,0,0,0,0,0,0,0,0,0,0,0,0,0,0,482,0,0,0,30,123,0,28,0,0,0,1172,0,0,12,0,0,179,0,0,0,0,0,0,0,0,0,0,0,0,0,0,0,0,0,0,0,0,0,0,0,0,0,0,0,0,0,0,0,0,0,0,0,0,0,0,0,0,0,0,0,0,0,0,0,0,0,0,0,0,0,0,0,0,0,0,251,0,0,0,0,0,0,0,0,0,0,0,0,0,0,0,0,0,0,0,0,0,0,0,0,1566,0,0,0,0,0,548,0,0,0,0,0,0,0,0,0,0,0,0,0,0,0,0,0,0,0,0,0,0,0,93,0,0,0,0,0,0,0,0,602,268,0,0,0,0,0,0,0,0,0,0,0,0,0,0,0,0,0,0,0,0,0,284,178,0,0,0,0,0,0,0,0,0,0,0,0,0,0,0,0,0,0,0,139,0,0,0,0,0,0,0,75,0,0,0,0,0,0,0,0,899,0,0,0,0,0,0,0,0,0,0,0,0,0,0,0
pos,0,0,0,0,0,0,204,0,0,0,114,0,0,0,0,0,0,0,0,0,0,27,0,0,0,0,0,0,0,0,0,0,0,0,0,0,0,0,0,0,0,0,28,0,0,0,0,0,0,0,0,0,0,0,0,38,212,0,0,0,0,0,0,0,0,0,0,0,41,0,0,0,0,98,0,0,0,0,0,0,0,0,0,0,0,0,0,0,0,0,0,28,0,0,0,0,0,0,0,0,0,0,0,0,0,0,0,0,0,154,0,63,0,0,0,0,0,0,0,0,0,0,0,0,2,0,5,10,0,81,0,0,0,143,0,0,0,0,0,0,0,0,0,0,0,0,0,0,0,0,0,0,0,0,0,0,0,0,0,0,0,0,261,0,0,12247,0,0,238,0,0,0,0,0,0,0,0,0,0,0,0,0,0,0,3,0,0,0,0,0,0,0,0,0,0,0,0,0,0,0,0,0,0,0,0,0,0,0,0,0,0,0,0,0,0,0,0,0,0,0,14,0,0,0,0,0,0,106,0,0,0,0,0,0,0,0,0,0,0,0,0,0,0,0,0,0,0,0,0,0,0,0,1760,56,0,0,0,0,111,0,0,0,0,0,0,0,0,0,0,0,0,0,0,0,0,0,0,0,0,0,0,0,0,0,0,0,0,0,0,0,14,0,143,0,0,0,0,0,0,0,0,0,0,0,0,0,0,0,53,0,0,0,0,0,0,33,0,0,0,37,0,0,0,118,0,0,0,0,0,0,37,0,0,0,0,115,0,0,0,0,0,111,0,93,0,102,0,0,0,0,0,0,330,0,0,0,0,0,0,0,0,0,0,0,0,453,0,0
neg,0,0,0,0,0,0,0,0,0,0,0,0,0,0,0,0,0,0,0,0,0,0,0,0,0,0,0,0,0,0,0,0,0,0,0,0,0,0,0,0,0,0,40,0,0,0,0,0,0,0,0,0,0,0,0,0,18,0,0,0,0,0,0,0,0,0,0,0,0,0,0,0,0,0,0,15,0,0,0,0,0,0,0,0,0,0,0,0,0,0,0,0,0,0,0,0,0,0,0,0,0,0,0,0,0,0,0,0,0,0,0,0,0,0,0,0,0,0,0,0,0,0,0,0,0,0,0,0,0,154,0,0,0,0,0,0,0,0,0,0,0,0,0,0,0,0,0,0,0,0,0,0,0,0,0,0,0,0,0,0,0,0,0,0,0,0,0,0,0,0,0,0,0,0,0,0,0,0,0,0,0,0,0,0,0,0,0,0,0,0,0,0,0,0,13,0,0,0,0,0,0,0,0,0,0,0,0,0,0,0,0,0,0,0,0,0,0,0,0,0,31,0,0,0,0,0,0,0,0,0,0,0,0,0,0,0,0,0,0,0,0,0,0,0,0,0,0,0,0,0,0,0,344,0,0,0,0,0,111,0,0,0,0,0,0,0,0,0,0,0,0,0,0,0,0,0,0,0,38,0,0,0,0,0,0,0,0,0,0,0,9,78,0,0,0,0,0,0,0,0,0,0,0,0,0,0,0,0,0,0,0,0,0,0,0,0,0,0,0,12,0,0,0,0,0,0,0,0,0,0,0,0,0,0,0,0,0,0,0,0,0,0,0,55,0,0,0,0,0,0,0,0,76,0,0,0,0,0,0,0,0,0,0,0,0,24,0,0
pos,0,0,60,0,0,0,51,0,0,0,199,0,0,0,0,0,0,0,0,0,0,0,0,0,0,0,0,0,0,0,0,0,69,0,0,0,0,0,0,0,0,75,0,0,0,0,0,0,0,0,0,0,0,0,0,0,66,0,0,0,59,0,0,0,0,0,0,0,38,0,0,0,0,0,0,0,0,0,0,0,0,0,0,0,0,0,0,0,0,0,0,0,0,0,0,0,0,0,0,0,0,0,0,0,0,0,0,0,0,128,0,0,0,0,0,0,0,0,0,0,0,0,0,0,0,0,0,3,0,72,0,0,0,0,0,0,0,0,0,0,0,0,0,0,0,0,0,0,0,0,0,0,0,0,0,0,0,0,0,0,0,0,62,0,0,2018,0,0,0,0,0,0,0,0,0,0,0,0,0,0,0,53,0,0,0,0,0,0,0,0,0,0,0,0,0,0,0,0,0,0,0,0,0,0,0,0,0,0,0,0,0,0,0,0,0,0,0,0,0,0,361,0,0,0,0,0,0,0,0,0,0,0,0,0,0,0,0,0,0,0,0,0,0,0,0,0,0,0,0,0,0,0,4631,309,0,0,0,0,0,0,0,0,0,0,0,0,0,0,0,0,0,0,72,0,0,0,0,0,0,0,0,0,0,0,0,0,0,0,0,0,0,0,173,0,0,0,0,0,0,0,0,0,0,0,0,0,0,0,0,0,0,0,0,0,0,0,0,0,0,0,0,0,0,0,0,0,0,0,0,0,71,0,0,0,0,19,0,0,0,0,0,0,0,149,0,0,0,0,0,0,0,0,0,0,0,0,0,0,0,0,0,0,0,0,0,1843,0,0
pos,0,0,0,0,0,0,0,0,0,0,127,0,0,0,0,0,0,0,0,0,0,0,0,0,0,0,0,0,0,0,0,0,0,0,0,0,0,0,0,0,0,43,0,6,0,0,0,0,0,0,0,0,0,0,0,0,102,0,0,0,0,0,0,0,0,0,0,0,0,0,0,0,0,0,0,0,0,0,0,0,0,0,0,0,0,0,0,0,0,0,0,0,0,0,0,0,0,0,0,0,0,0,0,0,0,0,0,14,0,112,0,0,0,0,0,0,0,0,0,0,0,0,0,0,0,0,0,0,0,102,0,0,0,0,0,0,0,0,0,0,0,0,0,0,0,0,0,0,0,0,0,0,0,0,0,0,0,0,0,0,0,0,0,0,0,1772,0,0,0,0,0,0,0,0,0,0,0,0,0,0,0,0,45,0,0,0,0,0,0,0,0,0,0,0,0,0,0,0,0,0,0,0,0,0,0,0,0,0,0,0,0,0,0,0,0,0,0,0,0,0,0,0,0,0,0,0,0,0,0,0,0,0,0,0,0,0,0,0,0,0,0,0,0,0,0,0,0,0,0,0,0,0,2035,78,0,0,0,0,0,0,0,0,0,0,0,0,0,0,0,0,0,0,0,0,0,0,0,0,0,0,0,0,0,0,0,0,0,0,0,0,0,0,134,0,0,0,0,71,0,0,0,0,0,0,0,0,0,0,0,0,0,0,0,0,0,0,0,0,0,0,0,0,0,0,0,0,0,0,0,30,0,0,0,0,0,78,0,0,0,0,0,0,0,111,0,0,0,0,0,0,0,0,0,0,0,0,0,0,0,0,0,0,0,0,0,1029,0,0
pos,0,0,0,0,0,0,0,0,0,7,120,0,0,0,0,0,0,0,0,0,0,0,0,0,0,0,0,0,0,0,0,0,0,0,0,0,0,0,0,0,0,0,0,0,0,0,0,0,0,0,0,0,0,0,0,0,61,0,0,0,0,0,0,0,0,0,0,0,0,0,0,0,0,0,0,0,0,0,0,0,0,0,0,0,0,0,0,0,0,0,0,0,0,0,0,0,0,0,0,0,0,0,0,0,0,0,0,0,0,14,0,30,0,0,0,0,0,0,0,0,0,0,0,0,0,0,0,0,0,20,0,0,0,9,0,0,0,0,0,0,0,0,0,0,0,0,0,0,0,0,0,0,0,0,0,0,0,0,0,10,0,0,0,0,0,1850,0,0,5,0,0,0,0,0,0,0,0,0,0,0,0,0,0,0,0,0,0,0,0,0,0,0,0,0,0,0,0,0,0,29,0,0,0,0,0,0,0,0,0,0,0,0,0,0,0,0,0,2,7,0,156,0,0,0,0,0,0,0,0,0,0,0,0,0,0,0,0,0,0,0,0,0,0,0,0,0,0,0,67,0,0,0,1490,61,0,0,0,0,24,0,0,0,0,0,0,0,0,0,0,0,0,0,0,0,0,0,0,26,0,0,0,22,0,0,0,0,0,0,0,0,0,0,61,0,0,0,0,19,0,0,0,0,0,0,0,0,0,0,0,0,0,0,0,0,0,15,0,0,0,0,0,0,0,0,0,0,0,0,0,0,0,0,0,0,0,0,0,0,0,0,0,0,0,32,0,0,0,0,0,0,0,0,7,0,0,0,0,0,0,0,0,0,0,0,0,796,0,0
neg,0,0,0,0,0,0,0,0,0,0,30,0,0,0,0,0,0,0,0,0,0,0,0,0,0,0,0,0,0,0,0,0,0,0,0,0,0,0,0,0,0,0,0,0,0,0,0,0,0,0,0,0,0,0,0,0,103,0,0,0,0,0,0,0,0,0,0,0,0,0,0,0,0,0,0,0,0,0,0,0,0,0,0,0,0,0,0,0,0,0,0,0,0,0,0,0,0,0,0,0,0,0,0,0,0,0,0,0,0,5,0,0,0,0,0,0,0,0,0,0,0,7,0,0,0,0,0,0,0,0,0,0,0,0,0,0,0,0,0,0,0,0,0,0,0,0,0,0,0,0,0,0,0,0,0,0,0,15,0,0,0,0,0,0,0,0,0,0,26,0,0,0,0,0,0,0,0,0,0,0,0,0,0,0,0,0,0,0,0,0,0,0,0,0,0,0,0,0,0,0,0,0,0,0,0,0,0,0,0,0,0,0,0,0,0,0,0,0,0,0,34,0,0,0,0,0,0,0,0,0,0,0,0,0,0,0,0,0,0,0,0,0,0,0,0,0,0,0,0,0,0,0,8,0,0,0,0,0,0,0,0,0,0,0,0,0,0,0,0,0,0,0,0,0,0,0,0,0,0,0,0,0,0,0,0,0,0,0,0,0,0,0,0,0,0,0,0,0,0,0,0,0,0,0,0,0,0,0,0,0,0,0,0,0,0,0,0,0,0,0,0,0,0,0,0,0,0,0,0,0,0,0,0,0,0,0,0,0,0,0,0,0,0,94,0,0,0,0,0,0,0,0,44,0,0,0,0,0,0,0,0,0,0,0,0,0,0,0
pos,0,0,0,0,0,0,9,24,0,11,67,0,0,0,0,0,0,0,0,0,0,24,0,0,0,0,0,0,0,0,0,0,0,0,0,0,0,0,0,0,0,0,0,0,0,0,0,0,0,0,0,0,0,0,0,0,91,0,26,0,0,0,0,0,0,0,0,0,0,0,0,0,0,0,0,0,0,0,0,0,0,0,27,0,0,0,0,0,0,0,0,0,0,0,0,0,0,0,0,0,0,0,0,0,0,0,0,0,0,65,0,0,0,0,0,0,0,0,0,0,0,8,0,0,46,0,0,2,0,0,0,0,0,0,0,0,0,0,0,0,0,0,0,0,0,0,0,0,0,0,0,0,0,0,0,0,0,0,0,0,0,0,67,0,0,4202,0,0,0,0,0,0,0,0,0,0,0,0,0,0,0,0,0,0,0,0,0,0,0,0,0,0,0,0,0,0,0,0,0,0,0,0,0,0,0,0,0,0,0,0,0,0,0,0,0,0,0,0,0,0,71,0,0,0,0,0,0,0,0,0,0,0,0,0,0,0,0,0,0,0,0,0,0,0,0,0,0,0,0,0,0,0,1753,57,0,0,0,0,0,0,0,0,0,0,20,0,0,0,0,0,0,0,0,0,0,0,0,0,0,0,0,0,0,0,0,0,0,0,0,0,0,0,86,0,0,0,0,0,0,0,0,0,0,0,0,0,0,0,0,0,0,0,0,0,0,0,0,0,0,0,0,0,0,0,0,0,0,0,0,0,0,0,0,0,0,0,0,0,0,0,0,21,0,0,0,0,0,0,0,0,0,0,14,0,0,0,0,0,0,0,18,0,0,0,0,960,0,0
